f_0,f_1,f_2,f_3,f_4,f_5,f_6,f_7,f_8,f_9,f_10,f_11,f_12,f_13,f_14,f_15,f_16,f_17,f_18,f_19,f_20,f_21,f_22,f_23,f_24,f_25,f_26,f_27,f_28,f_29,f_30,f_31,f_32,f_33,f_34,f_35,f_36,f_37,f_38,f_39,f_40,f_41,f_42,f_43,f_44,f_45,f_46,f_47,f_48,f_49,f_50,f_51,f_52,f_53,f_54,f_55,f_56,f_57,f_58,f_59,f_60,f_61,f_62,f_63,f_64,f_65,f_66,f_67,f_68,f_69,f_70,f_71,f_72,f_73,f_74,f_75,f_76,f_77,f_78,f_79,f_80,f_81,f_82,f_83,f_84,f_85,f_86,f_87,f_88,f_89,f_90,f_91,f_92,f_93,f_94,f_95,f_96,f_97,f_98,f_99,f_100,f_101,f_102,f_103,f_104,label
-0.4649353,0.12988281,1.5064851005332176,2.105474680867442,2.220435423826105,2.093275590879341,1.7603403777902988,-0.62132263,-0.66708374,1.486749237270471,2.09201240382348,2.21285784104467,2.086399270497438,1.7580992860694995,-0.58444214,-0.051727295,1.5083480004466778,2.0974002837280206,2.2115234357785396,2.075432234926286,1.7331552435982491,0.20249939,-0.5389099,1.4978563615183766,2.0778333882244953,2.1930726057595877,2.0671113202673443,1.7260889335483545,0.1408844,0.78204346,1.5098051636370065,2.104117519160318,2.223427837679273,2.0994073547813765,1.7526021736544413,-0.32536316,-0.90914917,1.5127497198708924,2.110939321260339,2.235082715922546,2.1093507395935562,1.7566582132866084,0.1648407,0.074645996,1.5165009354482966,2.1284996854218723,2.2455629269495816,2.1153629235186644,1.7563302969828554,-1.2579651,0.17852783,1.4904318323944736,2.1290517553742783,2.2468689482048574,2.1209141961924662,1.7701579998629702,-1.532196,0.5845337,1.515397557257848,2.1473830746652207,2.2586127692416564,2.140741124815101,1.8102920899197867,1.5255432,0.73638916,1.527657475385538,2.147381688096177,2.2521118141952225,2.115930344341678,1.784085136574005,-2.0130768,0.51971436,1.6979948343831388,2.377671456052092,2.5134761302501203,2.3787162339255508,2.0090212024317773,-2.1697693,-1.435791,1.727807037056619,2.4279271548935597,2.5407464668916697,2.4139754486950977,2.0508331730237144,-5.1141815,-2.7714233,1.7679779942807963,2.3983648828678263,2.548427043260751,2.4702572641118015,2.173782868204464,-8.930496,-1.9142456,1.797983041449605,2.353222123876531,2.558434129883698,2.4638357243506186,2.1184286653930062,-3.26857,1.2036743,1.596056804608709,2.1659876071073163,2.19288994132638,2.0832571304306304,1.7238550037485356,ThankYou
-1.7142334,-0.66049194,1.6083734941118881,2.1388751706871134,2.3314196644247565,2.1983412374916247,1.8931826590116823,3.8419647,3.2129517,1.5664884745524044,2.1475617626177885,2.331191781614381,2.1846347908706556,1.8348267898279718,-0.60401917,0.8468933,1.555180363495264,2.1428062493204485,2.3428639135438,2.190552133296955,1.8645521570387007,-2.6928253,-2.4475403,1.6163589585748672,2.180153617594694,2.3994472386180514,2.29362717595083,1.9727846604563617,1.6559448,2.7209167,1.6120755356045477,2.2167726751096923,2.396841899205353,2.2605205457332613,1.9093027113196281,1.2706604,-0.19430542,1.6631777658985554,2.29446518884544,2.4610696462870076,2.311583771337449,1.9144685342006553,-2.0014648,-0.95214844,1.6958608651890028,2.308462771004711,2.5214891688469536,2.3903106108603964,2.0245543261569847,1.2825623,0.67007446,1.658205097478783,2.3234492480347444,2.562219522737552,2.4016228967111846,2.0159197994659395,2.876709,0.13049316,1.5667858542601671,2.2708257984377025,2.492654295377716,2.3025152654933443,1.9306969580205255,3.703354,3.671753,1.4901320315190003,2.212323499046535,2.416082085384003,2.2066035385461924,1.8071921411421308,0.9960022,-1.4828796,1.449551873737143,2.2144088444677816,2.4239334460978395,2.2015637524258067,1.7995549145253968,0.16729736,0.05404663,1.437274251023623,2.222400940068157,2.432269223767268,2.2025033324495564,1.7981070321220023,4.850418,0.66934204,1.4146221543846893,2.228214569056626,2.418452726937752,2.194198457614025,1.7377104477227037,0.48480225,0.49316406,1.5410150534521088,2.2651103039504727,2.345590217637955,2.160948372817354,1.7143382941812335,1.2012634,-0.8467102,1.7459482007040055,2.4935153467915887,2.607797316267376,2.450238597190908,2.0032773049428725,ThankYou
-3.024704,-1.1389465,2.23359493723586,2.9919497125269428,3.204404029608613,3.0536703192685324,2.5349475910471897,-3.9446564,0.2119751,2.3031431851450184,3.023981908580475,3.226290349079905,3.0698828701436542,2.567351807427213,-3.4962769,2.6620178,2.3234271599202216,3.1015509880018044,3.292252048783366,3.0114310891990668,2.412327248538912,2.8517303,-0.7746277,2.3325621649447434,3.13168819330498,3.382108253628487,3.1054675560152973,2.4232219915332607,-4.6937866,-0.5701904,2.444599631717265,3.202354920151495,3.4758229481312855,3.2243450389832566,2.55579500339135,-2.4211273,-2.1411133,2.475023420879224,3.3255024430774056,3.560610645631789,3.2636344406591555,2.4864557800883276,0.16020203,2.5711975,2.59340964696115,3.447911855081785,3.6623960762293417,3.335938929036738,2.5426752825658867,-0.5504608,-1.4523621,2.769055038923936,3.5852218625131957,3.7818403125487654,3.320446474926141,2.4448888059531884,-7.407547,0.5036011,2.6514168419237594,3.3890894078384464,3.5379813464333187,3.0622914345493797,2.2646778740740108,3.1470337,0.8674927,2.699733030517968,3.498555782853324,3.630870148369139,3.1644625150958037,2.3592281812717144,-0.8378296,0.21487427,2.8001322989878257,3.5908143188163866,3.7435000772850033,3.2726646280555634,2.435920802555322,-2.4534454,-3.664978,2.8111058097717687,3.510561746270174,3.5970328800853477,3.1541547627606814,2.2699846755690944,-3.6880798,-1.6625061,2.8244427919505157,3.4094773662257114,3.5359426168541166,3.1535091331399845,2.23729813717568,-6.7856903,-0.9281311,3.1480987956553617,3.7649886889750253,3.847997525774926,3.440508893519576,2.49424729233399,-3.0484467,-2.4558105,2.787462401652457,3.3949690088415108,3.4707101105368494,3.22401280140572,2.527114343156077,ThankYou
-1.5879669,-2.6207275,2.3960765437044675,3.002129122893018,3.2527291543534522,3.0292375481238762,2.363311654320289,-0.2669983,-0.07623291,2.564470218093476,3.102341299724884,3.4368042471891678,3.242270475253653,2.6533181020392282,2.7878113,-6.2367554,3.685724377304211,4.234464806301336,4.82512014156865,4.63860884033389,3.8393761656742442,-0.10726929,0.0005493164,3.7787174021713112,4.338456109645189,4.96078002602709,4.80915645739204,4.0201110132152005,-2.5579376,-4.3168945,5.775522745964399,6.240503180814431,7.227673290393135,7.123920456873019,5.942233539982866,-0.52064514,6.0364685,3.1703650355345383,3.9134345930872927,4.2495691120582855,4.008682333315694,3.323784068473302,1.2632294,0.40344238,2.61809143692175,3.350391161805445,3.595310627728169,3.31126007279419,2.6664129949417346,-3.3551178,-5.08609,4.057805611781342,4.817890671943229,5.259539000215034,4.968103263686648,4.189096062616366,1.1726837,-2.7998047,5.046058448657188,5.740538651521703,6.459927881181194,6.255869457910033,5.306434104224338,-0.875412,0.1635437,4.86415469780398,5.665283251492861,6.353195954803683,6.126303860165763,5.189730680622518,1.3071747,-7.4112244,9.572319450289656,10.347470052154828,11.988465164686898,11.865025390545911,9.920593696742264,-0.2525177,0.027740479,9.221111010516989,9.85020899393569,11.540479583386347,11.425587827945481,9.516597175584499,-0.5643158,-1.2554932,10.247054883716427,11.065390895208871,12.728497452684858,12.496372774437527,10.2939093758457,1.444458,-4.76532,14.360647009241342,14.621910321773804,17.404735139002998,17.433071381463687,14.567681365879503,-0.56381226,-2.6466064,12.29758010986824,12.240573271016972,14.669520987518757,14.720178593320854,12.179279803343274,ThankYou
-1.3600159,-0.19949341,1.826243211939852,2.6222117831184346,2.7993877409757277,2.640789626939588,2.181925734667747,-6.1180573,-5.056183,2.1164668232479498,2.879285915125627,3.0951159990409414,2.9101550052488117,2.337424882349939,-5.094696,-0.37686157,2.291011270392991,3.0924833667196725,3.3102851160252693,3.0348449945854896,2.336946429441192,-1.4713593,4.033905,2.284086798582657,3.1128443509676202,3.2833118074872196,2.9986701103974536,2.2928980891839923,-2.6833649,1.2036133,2.1994460196401215,3.0682618474419585,3.227885501786853,2.922949467309384,2.2314188577018292,1.4221954,-1.5048218,2.2397588031773994,3.1823853937913293,3.313956791290758,3.027792496809879,2.2937993399535643,-0.42442322,-1.5954895,2.048209122699802,2.9371198679927764,2.9509185471857675,2.594316755602974,1.968667584920966,-1.3084412,-0.5500488,1.8266590065782553,2.716272008241339,2.7439181140147713,2.3805087892529073,1.7855808885750717,-5.578247,-5.287384,1.766402433486809,2.67878309345365,2.6689337981538053,2.285900805361223,1.6477398159344887,-2.6130219,-1.6717834,1.5526941263152736,2.2519565398935897,2.17526590626454,1.7436821221220689,1.2566617627242382,5.320938,3.2488708,1.574299863694241,2.362945859685792,2.3216248595094595,1.9598043697629979,1.4133526959478844,-3.5929718,-3.2156677,1.2426361208737748,1.9319271505212108,1.8544943418644493,1.5107989235384651,1.0853300350961093,-3.7883453,-9.03833,1.0062391756158198,1.6214249997510302,1.5043515113484351,1.0358939202468345,0.6586037851254002,0.021697998,0.099823,1.1270525959544446,1.80271176561965,1.7539582189243799,1.364456346935344,0.9407753319406352,1.0050507,3.0935974,1.2993234724930232,2.112622562342737,2.047348197673443,1.6286547169671048,1.1207655574593671,ThankYou
1.2599182,0.6854248,1.6927964600152394,2.5960368825538165,2.8151180864070073,2.677704377250905,2.277822220924594,-3.1162262,5.8686523,1.738502234034668,2.58777587720182,2.8070898203608707,2.706010054174037,2.319445142548864,-3.82695,0.8930359,1.7650091153099918,2.609417184991067,2.8300989345512937,2.721422214456558,2.3281020853686374,2.2608337,5.127899,1.8102474027530675,2.686090020837809,2.914462753977433,2.7791199223806817,2.358834404000681,-1.9375305,1.9551697,1.9018874782092774,2.7428195536441926,3.0122435690784553,2.875474039960848,2.4321438877960833,0.97198486,1.5186768,1.9330227349252826,2.8404873824379204,3.0951729071504386,2.935611052742046,2.465249075821378,2.1100922,1.2501831,2.006888551757882,2.9632776513708907,3.2993905964309524,3.1149109138135955,2.5839711307619093,-2.025528,-0.894928,2.0749943102465793,3.0713100720156965,3.419759491912312,3.2389520840273156,2.6207398861796345,-2.9476318,1.9914246,2.1340485761906254,3.0333443401350575,3.428646309471368,3.2688117771610243,2.6456842701046566,-0.1952362,-2.6046753,2.3431584332833926,3.393912149842123,3.827477058541993,3.6773953654478966,2.9613098871215033,-1.3881073,-11.195862,2.851020511270176,4.0740408567436415,4.534510098099877,4.284880899413275,3.3094128371320606,0.115600586,-4.3882446,2.8356815920916323,4.219696100311154,4.718041269627162,4.428683266024627,3.4507339814852545,-0.4681549,-3.1662903,3.516557328102167,4.994479234540314,5.687840838017534,5.3200481552160355,4.107859106893501,-1.5623932,-10.413666,5.291427326003148,7.524632838599745,9.0783467477487,8.644269868564354,6.716864406712841,-3.709961,-1.1819458,5.865629574770543,8.412911605607839,10.255105048294206,9.860024886392157,7.673969545396532,ThankYou
1.4440918,2.76062,1.7005611603464938,2.3854499483268534,2.5144293638302395,2.406015535259747,2.016564979899446,-3.2843628,-1.2136841,1.8103778296971194,2.5371424381193513,2.6322985017559173,2.4141545214414744,1.932652069470018,1.5352325,2.9989014,1.8922416983287051,2.638466401598944,2.7916421203604025,2.541171741052683,2.051181324607993,0.0076446533,-2.95578,1.700557091466659,2.3823321411280696,2.4824491359977596,2.2671119554051504,1.7905188954901907,-3.6401672,1.6065369,1.9440808401273448,2.624901479343001,2.741394999758693,2.52709793317291,2.0470907819037882,-8.064194,-5.790344,1.6193000257218064,2.2232638668156555,2.265738313626858,2.057691595658202,1.6247137499533897,-1.3151398,2.9216614,1.7578283867530242,2.3879003562707752,2.3878564393947155,2.138746872120755,1.6696148018795944,-8.816803,-3.8358765,1.3509172463521633,1.9172247143822942,1.8558338880075436,1.6544044391302282,1.271786047676553,2.2008057,1.4994507,1.6714021399919354,2.284790857026199,2.2503269640875305,2.023049064277457,1.5653857136688984,-8.480667,-7.095398,1.3466303849576342,1.9455598901073292,1.9023876205902668,1.6802827930822326,1.1648016409485324,-2.1854095,-1.085083,1.198130726907288,1.8754463563602368,1.7909542079480534,1.6071364049589303,1.1694588828502324,-2.4190216,-8.906403,1.2494668136404494,1.972849388538715,1.8929494345108986,1.6264881186980655,1.1033520267694126,-3.9979706,-1.2238159,1.2543179064654564,1.778218914729905,1.7823291850741385,1.6743035648212308,1.1640345606428648,-3.9275818,-1.8504639,1.4956774879198207,1.753365727011026,1.8130321938447822,1.7823831826062226,1.3573165119332466,-3.6616669,-0.47860718,1.4342206646331788,1.464867546243836,1.6850299381559255,1.593884842623339,1.266557889925928,ThankYou
-9.063751,4.1391907,1.7350491365329346,2.403076146025561,2.601268384194322,2.5257253929103434,2.1881336766677135,-0.4732666,0.47286987,1.7268607713774675,2.4801895603182627,2.6723675853301163,2.582094750391434,2.246256717127614,-3.6996307,4.7704773,1.686218993624847,2.394673129968824,2.576301377357269,2.474050435301715,2.1198478907934515,-5.60141,3.606018,1.7093276623192484,2.4477099996496356,2.6540022416953057,2.517943559616452,2.1102902778288875,3.06044,6.740204,1.6601418480650825,2.4189212789301,2.6243780710001543,2.482669618097307,2.0276663709581073,-5.422638,2.4370422,1.7965639238691318,2.6608120823319745,2.940495157010939,2.80943743471271,2.3476976661702587,4.2071686,1.8661499,1.87249702373368,2.7832133364863094,3.0581035152678,2.9297692048519863,2.3807262728525225,-2.4711914,-2.8490906,2.13878637689818,3.0994189282222075,3.489288899355515,3.3893427196951116,2.7968266454650874,-7.296997,-0.68307495,2.3501864587689707,3.2554507798479997,3.687358282923092,3.52754532534645,2.7510250426156158,-3.3191223,0.08911133,2.3851612652272958,3.3639185651972636,3.837908987104384,3.6861904991323415,2.97798608323466,-8.557404,-12.243286,3.024811838270756,3.923858190629968,4.96921316274099,5.06929805629185,4.139927136774219,6.2860413,-7.703491,4.182112700127387,5.550957661998277,6.755614225651638,6.724506105110456,5.484636521249722,-5.298065,2.1328125,3.432983101096127,4.4593358062294985,5.558143228147827,5.582338821983443,4.47818795014189,-1.8518066,-11.690918,4.560599532233196,6.004840921622544,7.944458264696612,8.114459684314026,6.843441043655048,-2.9438477,-1.9778442,4.628172091839906,5.97172000622875,7.978990348101511,8.337108148765028,7.182886478836192,ThankYou
1.5239716,1.638916,1.79084660978469,2.6092509671775637,2.8186071017697194,2.7021785102261378,2.308172817626106,-2.3181,3.861267,1.8689051645956694,2.6526547456559024,2.8898399943084323,2.7575415436179638,2.298632110426242,-5.8245697,0.20800781,2.027695595170895,2.9106828502152005,3.248298477104891,3.0849967162459007,2.4692893824149698,5.4543304,3.0065002,2.034217746148759,2.9388608463711137,3.243196321180114,3.0074509312738966,2.379713609368564,-5.423355,-9.675171,1.6690230989357484,2.499095836350395,2.7166277359063082,2.4011261790868472,1.783116966098906,-1.3822327,-3.9951477,1.9319079893269901,2.8050181207830374,3.017240534440824,2.6462485243852347,1.9232530599868143,-0.82969666,-0.75875854,1.5251340817229542,2.3278690130874655,2.5225976758710864,2.209513240092419,1.6569773147849016,-2.1164398,-14.965271,1.81524185677122,2.6165398817685626,2.9416599542539994,2.898830382837647,2.370127641034761,-2.5744934,-10.163513,2.062119010068004,3.2267394890050394,3.8049220710725393,3.7709510455374873,3.182576602106883,4.160431,-10.913635,2.3265018569707365,3.5349173504788802,4.372054466556426,4.2946862738267395,3.553335093589755,-6.146637,-9.212418,3.392792502266747,3.7302845847493624,4.9615880402783885,5.42455189093506,5.012657666952508,-2.9012299,-0.5381012,2.899090597066554,2.5633706186364478,3.8107784113625125,3.9307987960419233,3.4790375547663737,-2.4784088,-4.2013855,3.6270117602022425,2.7760692696798155,4.017123160338447,3.986138070983754,3.3903460057575963,-1.4089813,-5.039505,6.045578359304107,3.827258362584647,5.9253411462752394,6.264000161253664,5.72165319542976,0.10253906,0.6697235,6.584371709162236,4.128910126957307,6.435194759552927,6.737322313804705,6.082046846962565,ThankYou
-11.71463,6.8191833,1.8057957438151813,2.6590844796950504,2.784807688158711,2.6619300244074706,2.3142935251334302,3.8623657,3.289856,1.7109638450850315,2.5570681668149895,2.6919156177106713,2.5728371490470145,2.1950562395032174,-5.622711,1.8352051,1.7894064283603375,2.655264814774229,2.7891735517769494,2.6642125206121983,2.238296534195009,-3.60672,2.9285278,1.884726517213898,2.720621998860601,2.901856671866976,2.7849015984603622,2.3460581855455245,0.039855957,0.0146484375,1.900535135758425,2.714680302463892,2.8988692516411003,2.741781684569792,2.250410691270277,-6.1945496,-1.0169373,2.2797975695032573,3.0812770592427676,3.3918445684303435,3.199689736148498,2.6529046873134274,-0.7769165,2.8477478,2.0347502554705206,2.8343852003185823,3.089338047223183,2.867486127726854,2.3205825608104216,-2.504425,-0.61032104,2.0602228676756664,2.9454792697503924,3.101380826960573,2.8238948692540706,2.2531594835443443,-4.0468445,-1.4182129,2.155956038354559,3.0483041909252546,3.2298084813514096,2.9071123438370208,2.20824020927701,-0.049835205,-1.6817017,2.2611015483073773,3.057007256562832,3.261862123976571,2.9594348610093317,2.173059910120625,-8.248428,-6.888214,2.6492287727984825,3.3623789486656657,3.5598380220067707,3.16313131773878,2.226952242051398,-1.7088776,0.27947998,2.276458212390997,2.7714290863159787,3.010697561543642,2.665010618283191,1.8013229764353598,-1.4416656,-1.9962158,2.266195091313243,2.8244274305852195,3.086822022264982,2.785768555043324,2.0451088501732637,2.4083862,-4.84729,2.2459344761089968,2.745185737859718,2.9620001790126302,2.5258485280692513,1.735098965483143,4.46727,1.8574829,1.7801188998346738,2.4578214655118704,2.6053403791959613,2.1872249973085194,1.5216129814102808,ThankYou
-1.3324585,2.7568665,1.6163939973363233,2.3833588070619065,2.505371861363206,2.3279948772988273,2.0020982427400202,5.136978,7.0116577,1.6543194647156192,2.392705480483253,2.5292519412737455,2.3723661940750063,2.0240990420935567,2.34021,8.056305,1.6812442032294939,2.4342319013122498,2.553157104598357,2.423354416048758,2.076904009525575,-7.3592834,4.518402,1.7551562205581586,2.626867075611467,2.7660717858515635,2.653758136448416,2.247018674796411,-1.8921204,3.333496,1.8255965708398483,2.6883005161049685,2.838386962615389,2.712888946319963,2.261203934919879,-4.6291046,3.030487,1.83257622347438,2.6389402689566763,2.8072118452548565,2.683547950672808,2.2436048675366527,-2.879898,0.62872314,2.0706229176840356,2.785764933158432,3.0367646412329785,2.8666230911954527,2.347405967294992,0.08888245,0.48358154,2.269533456882604,3.078590993945589,3.313505092369837,3.100405226882531,2.545247562500506,1.1223145,2.0734863,2.1433921715873105,2.966248026338106,3.22460993127598,2.959801603127002,2.3557622049972267,-3.8263092,-0.66085815,2.224823628040521,3.069329647638717,3.2885494677639526,2.997185627779256,2.3652283052820997,-2.2458649,-0.79489136,2.3107060551682186,3.134852174709571,3.378312833364973,3.0628430478955138,2.332993179233772,-7.227051,-6.2074585,2.1909855998763055,3.078724150787597,3.237050918080112,2.8162197127564035,2.0109885729268795,-0.28977966,-2.4866333,2.641981446027865,3.5379065865420127,3.727464611202344,3.2956908829197453,2.333345239479573,-8.755768,-3.7875671,3.1385778266385618,3.732996182003769,3.9199376233035608,3.393403451764979,2.1695531685675236,0.8648834,-7.2141724,3.0340477894927265,3.7443385967254788,3.9387045586833866,3.364775623542908,2.3037360632426815,ThankYou
0.014251709,1.3210297,1.2380959644192515,2.0434613596365905,2.2527071838855885,2.218031789336956,1.8412110616241966,1.172699,-0.64001465,1.266136689482361,2.064178435470146,2.2825534906836804,2.254662496479972,1.8836719859748658,0.35740662,-0.43989563,1.284333335367975,2.0192952100574986,2.2368313453335946,2.2364290945752363,1.8801613075530637,-11.556381,5.434326,1.5125976895445261,2.3203975073263536,2.470721201037952,2.333825107266891,1.9377829856409958,-12.795868,1.4931641,1.669861737476857,2.453640174450676,2.5812791686374057,2.387320024595898,2.0420350918316688,-10.740189,7.785309,1.6790642150469686,2.418080311749671,2.5259075312846684,2.3552307441062084,2.0238102479472757,3.1121674,2.087555,1.709469661419668,2.4963051048122695,2.601043437679311,2.4620175343655277,2.1380544075907406,-1.5479584,2.0390015,1.717014282526544,2.4918198695213594,2.6396543615987067,2.4896104807862747,2.0894653737349516,-1.3167267,8.420471,1.8136239950111837,2.6536478174349116,2.8071987216695637,2.704967893785073,2.3513121924619167,-10.929794,4.8291016,1.8881662071771883,2.799978543538678,2.9716273059178158,2.8868680677552434,2.459436088977933,-0.03147888,2.942047,1.946132388137054,2.728451715219688,2.9124227184288967,2.768389839990708,2.2591162655073926,-5.6575165,0.16790771,2.3685814174758257,3.2907212549121687,3.516659635745516,3.252421040088366,2.526994372524924,-18.702118,-8.6675415,2.41155149761789,3.4073098130084736,3.7974702699829916,3.5307923656843663,2.7915689619480837,-7.423233,1.4360657,2.3303519289952312,3.145771615495172,3.4846329450222178,3.1809583010028963,2.4299398859076193,4.0485535,1.2828369,1.7848835063040638,2.4265638649949404,2.772804536001705,2.612158970041499,2.006011675746858,ThankYou
0.1320343,-0.600708,1.5310222690031285,2.3743224073224063,2.513536325586588,2.3366700238235367,1.9973949464433374,0.26254272,0.22085571,1.5461789287795513,2.37964887150858,2.5319983275323805,2.363979324475063,2.012793742862547,-1.2940369,0.29577637,1.513740358281961,2.3598197717516003,2.516137080759359,2.3485735290578957,1.9850929154748962,-2.994812,0.9723816,1.5260904231591628,2.361065007342121,2.5209076057535813,2.352603629097977,1.9722711266620716,-2.3070679,0.9923096,1.5480034733127053,2.3739829557425947,2.5259020288293796,2.358257354658911,1.9749922455390259,-0.08065796,0.25836182,1.545368746037202,2.3781618116863643,2.5288514671554316,2.3581477103951234,1.9752934563348268,-5.3146057,0.655365,1.56008318116513,2.372694094970247,2.5002040550500375,2.3250917255525447,1.9801381217412704,-1.7163849,2.4777527,1.586735681329703,2.3991019419762387,2.527121223554358,2.357757982641967,2.0213763528818856,0.96655273,1.8558044,1.6061719569837325,2.4040023578031047,2.5418223774682303,2.376291595156351,2.039321109866367,-0.99272156,1.0506897,1.6494165324688175,2.4302453769972834,2.595886930169757,2.4223907732588983,2.06084342367326,-0.84487915,6.872772,1.7680861711178852,2.5675794117491795,2.7418596821169574,2.5839521538080805,2.222505917282337,-16.369339,10.864471,1.7751415315356456,2.501014320743817,2.689239594412796,2.5627936027531812,2.183586337554747,-4.595459,1.2997437,2.3440517872860074,3.1924309106262103,3.400617433616961,2.9649427359962117,2.060088587709628,-2.0503387,-12.087769,2.5932648575010178,3.463282567563616,3.5599610439803238,2.9033948570702677,2.0779957962239326,-4.846039,-18.579193,1.2108782189588871,1.7271292606300008,1.6386357521366655,0.9803720608666203,0.7321216884400873,ThankYou
-0.79437256,1.4688721,1.4835193026633273,2.4245801072728965,2.5862515957637546,2.4522946852282024,2.009588671385793,-0.5634155,-0.05718994,1.498191744090673,2.442080061374893,2.597147058306103,2.437486937101554,1.9862401849049847,-3.1304626,3.2635193,1.5626467569633928,2.477598100488483,2.627824603525391,2.4510367741967616,1.993986050292482,-2.6392517,1.2625122,1.5477923319083622,2.451790370639515,2.591460078865091,2.4008493012414767,1.9710106072018432,-4.8044434,1.3241272,1.5778072711917197,2.4783575434776135,2.6379812698420726,2.4539830017090916,1.9866805720116294,-4.6410217,3.6249084,1.6117208504343565,2.433608787217566,2.582170757183147,2.4056361181113033,1.9931524664863498,-8.911743,6.348816,1.8493377899873773,2.638358557348737,2.8181927719666624,2.6030807156150026,2.1144701209862906,3.0759888,5.02713,1.866162161076466,2.633497467946751,2.8451850809098636,2.6637458976328414,2.2316542431925432,0.27575684,2.5848083,1.8256717595805372,2.5615404678358926,2.7475056527824067,2.595741646039105,2.2227713129335176,-10.637131,4.369232,1.9032361682949461,2.69938380122822,2.898694113799172,2.753861673060066,2.2771024536469637,2.410675,2.6489258,2.046103608507116,2.9305800796047237,3.1183042477059804,2.888849767686403,2.2753747344898887,-7.075989,-1.7552795,2.3637033785714294,3.229755203759087,3.4946424072614732,3.226558921786157,2.4745396256331693,1.7743378,1.0625916,2.4176483961809514,3.2988519738636968,3.5717514989943115,3.2610518565122573,2.4827791853508687,-10.064545,3.3172607,2.237425733304884,3.057961259276798,3.2877804704271045,3.0276295817049976,2.384700876498846,-2.5086517,1.0975647,2.017029276878431,2.9507661719194966,3.0146835072864824,2.6652339828130622,1.935345466338072,ThankYou
-2.3364716,1.9677734,1.159280579938532,1.9944099410176617,2.160391188281893,1.9350834736899942,1.5957847847335147,5.094818,1.2748413,1.1783317824856536,1.9506434795047833,2.0853856914830113,1.8931619753110402,1.6025741752838052,5.7661133,-4.3618164,1.2304465789520016,1.9753795973430566,2.061657639926154,1.8732588156030598,1.5844936177369666,3.68927,-0.64868164,1.2842968566234796,1.948416074045292,2.061692711598141,1.9018205117159188,1.6138224586030576,-1.6777191,0.17715454,1.2981199580934712,1.9467216183482783,2.051912967317334,1.9150027181660765,1.6160172480934933,-0.09295654,0.7579346,1.298728345992144,1.9457963123395248,2.0545525966303737,1.9240175119213299,1.6127530842741666,-0.30249023,0.14324951,1.3143052125274177,1.9726091607607472,2.0577827878717976,1.928485744284925,1.6207396931373867,0.6929474,1.4198914,1.32589459702407,1.9771648040478251,2.069687781497029,1.9148626255964227,1.6214172799820954,1.2773743,1.2365723,1.3437246529198776,1.9786429780535477,2.07120977530031,1.9212355121718074,1.6116790317212484,1.0310974,-2.4297485,1.329872675965635,1.963198909055902,2.037924540888786,1.8946730329252133,1.5871706962157637,2.7068634,-1.8778076,1.302865133818077,1.9951970136075339,2.0736251123243097,1.9314820017139533,1.6214660774742613,6.8142395,-0.45028687,1.3516486185402945,1.987080799278896,2.0662919958440766,1.9241358984830743,1.5865165624368864,12.681229,2.2555542,1.3772753832482232,2.015323512551807,2.0960546176791275,1.9501416180036169,1.5780049869488022,9.724411,-1.0391846,1.436684931683156,1.9675248325991075,2.081776826527959,1.9337056751909139,1.5319648057580464,5.389618,0.76013184,1.4069430404754302,1.9731273532764397,2.0753941204898583,1.9218393870554693,1.5632552124586345,Hello
-0.8230591,-0.63760376,1.3759033606774742,1.9279168380674774,2.0381592521644385,1.8370567217020364,1.549066456323036,-5.1940155,1.4472961,1.4229856445599551,1.9766452300318065,2.0851627315876633,1.894910921307888,1.5492369112773219,-8.013962,-0.11114502,1.3929857566872121,1.9950355324127007,2.1144349767404624,1.9182567044572567,1.5474783664221738,-18.002197,1.0797424,1.3476709929656072,1.958890093501542,2.0974073615337776,1.9632177981506644,1.5808089843667257,-13.106308,2.193634,1.345201436352889,1.942670298752583,2.0414882800127447,1.8960395882663863,1.5787654088656966,-12.129547,4.6069336,1.2014646479536413,1.9965808700005974,2.1162593463553536,1.8846522002707298,1.6070392352035434,-1.2740784,0.6983948,1.1957754331960948,1.9750339870125937,2.1566853605588974,1.9025477751853621,1.614619518671604,-6.5103607,-1.6333313,1.1709388579703415,2.0128406104725274,2.211010248306353,1.9327987127775754,1.528091804436836,-3.8512268,-0.032928467,1.0943978714707816,1.9640212398903822,2.121978013829347,1.8239040750612068,1.4729160255338647,2.4062653,1.0249939,1.133970663212134,1.9315689243522018,2.15236205988983,1.8324987748231745,1.498720544973242,2.8358917,0.038970947,1.1664935586977685,1.9621420019663287,2.1524193182969493,1.8785437721000369,1.5668165875557387,-2.850006,-1.8708496,1.112823909236284,1.9963743685211697,2.1828996967153995,1.9039499515347171,1.5519965802755853,1.1187286,-0.83322144,1.0813053947372524,1.947020809553444,2.1801831545408197,1.9220064059157453,1.5236902845538058,-1.586853,-5.334442,0.7449844941942322,1.7885518920202108,2.150203037695775,2.1031026683812906,1.7209509388659554,-4.928253,-0.8980408,0.8225922616882053,1.806316787779336,2.1810117873124253,2.1570345348837376,1.8118735111303186,Hello
3.777588,-0.021606445,1.391946661917973,2.01530511022668,2.1220701478635013,1.9201332351751959,1.5660926546852043,2.9861908,-0.76156616,1.3767852925847341,1.9530793576358332,2.08420758655714,1.8377826955271135,1.5587040828746368,3.272171,-2.0684814,1.3712666620698717,1.9445639829501846,2.0630250366365255,1.709631511457713,1.618324397886972,-0.14065552,-0.55926514,1.364778457532211,1.9631723082316337,2.060015476714721,1.8399678302410936,1.5835726078690862,-2.6845856,-0.926178,1.3801249009307193,1.9569663516198463,2.0838544205029153,1.8277658542724877,1.5917645288459494,-5.216095,2.9776,1.4257542748445042,2.001095390850831,2.0832839990624485,1.9149786746327424,1.5506217458764147,-8.092285,-2.009369,1.3946952494358698,2.003099484760298,2.115407164538077,1.9645494311854574,1.5638188699882547,-9.130875,1.5761108,1.3987064778831144,2.051381071688362,2.167300709546054,2.0088101318460243,1.6276467359484896,-9.404343,0.70474243,1.403435504196943,2.0321061719660602,2.1391960020104093,1.974322801215858,1.6142514597474538,-7.108322,0.1541748,1.4401141312122372,2.067063507192793,2.150972578520277,2.011383791864094,1.6508165497846707,-4.4335785,-0.45672607,1.4128765202836724,2.010878068963755,2.1028389618889154,1.960189216809659,1.615847855974697,-7.4275055,1.0084534,1.3262567743880647,1.964816808108338,2.1127753438907253,1.916919295012051,1.6414820239605563,0.13122559,1.2801208,1.317763740349664,1.9394074970875275,2.0793890412425147,1.8914850566001677,1.575574645132309,-2.4875336,-1.0020447,1.2565472948883862,1.9323375741918336,2.09111306564322,1.8631876465308295,1.6026980316244737,-2.1620789,3.712738,1.209624717603044,2.008188218955413,2.1511972668012778,1.9117000673918767,1.6145027468143152,Hello
1.4612885,2.30307,1.1080328601310863,1.9642964170504829,2.1372942864839373,1.8167761336037402,1.4703279431518663,1.6985931,0.8649292,1.196437056328131,1.9518587497508488,2.1030187633107786,1.8572278308216856,1.594317054013331,5.8377533,-3.7262878,1.3465643287103535,2.004563333474779,2.1011466467723845,1.983847318072152,1.6210143507800963,5.7105255,2.7789917,1.4210940513173604,2.0531547075156813,2.1625562529305697,2.035130783878549,1.6599017238675158,13.874451,0.722229,1.4186176194302835,2.060353469689743,2.1737610432128323,2.017970945618796,1.6120419143339129,12.278885,0.20709229,1.45661653923553,2.1048445274165943,2.184346417182402,1.9996125653199346,1.6100804331297383,8.410095,0.21426392,1.4004845011993565,2.035136275087334,2.1488660593018927,1.9386944694861383,1.5801185660181607,6.904312,0.07458496,1.426479142649169,2.0133365277373287,2.147349722816811,1.960119352773131,1.5923884721145556,3.9984283,-2.0480042,1.3629724682045152,1.9442653376496855,2.0829062350135454,1.919394437849018,1.5655213333902303,0.4015503,-1.4220886,1.3789013886630026,1.9759733776532622,2.1186362053279426,1.958210013811,1.610862671239944,4.466217,1.5865173,1.388544447766171,1.9580777644272016,2.0866378391349585,1.9223672533856193,1.6141544580903153,2.370926,-1.230133,1.3845137264575633,1.9398616120420584,2.0914395282875176,1.9276337316768413,1.5384080509839866,3.281952,-2.1127625,1.4738770250075368,1.999246590585535,2.1467229523202054,1.9607242069324256,1.603376710592721,1.6154175,-1.6984863,1.4936156042799726,2.0098408089135327,2.1670085508073784,1.9388495283586724,1.5255622382509615,-0.9880676,-4.20224,1.5030621178612016,2.0736309450892407,2.2582601974578793,1.97801464166628,1.5060461418616313,Hello
-4.4197693,0.90859985,1.217546918652727,2.0221222281229387,2.1472882202677672,1.9119695409330744,1.6306538984477414,-0.8412781,-0.7744446,1.219090071580652,2.0044148763445664,2.152768230197329,1.9294798570101563,1.6332570728333267,-0.22599792,0.046875,1.2345296668336534,2.013889387096778,2.162492293917492,1.9184337497932917,1.6354446482375469,-1.0106354,0.21670532,1.2351849357966076,2.0039015339905566,2.135626972629511,1.923874337471957,1.6321372394039828,1.1696167,0.8135071,1.223734678578688,2.0318519692821577,2.146786194808967,1.937594632876901,1.6393209262486446,-0.7952423,-0.48312378,1.2112117738769261,2.022814412082085,2.1446115823860983,1.943033815904084,1.6546395198211359,1.2554932,-2.7251587,1.2332245478036383,2.03175176958642,2.1606002546265644,1.9318869223330453,1.6320595528483395,0.9817047,-1.0081177,1.2163429377353767,1.9551570308654167,2.1076598951170453,1.9285141780940862,1.6154209373021284,4.2079315,-3.1585999,1.2738613744626788,1.9639636718427333,2.1144420414301535,1.9699546958598333,1.6345414186330358,5.3318787,-6.456085,1.3723499899395915,2.0021315672001325,2.09690054503006,1.9599536501427641,1.6087670100325613,6.606262,-4.1133423,1.4085977415361017,2.0384618898604323,2.1166149664730773,1.9720618522350077,1.612048814089237,6.6580505,-3.9473267,1.3866012696536207,2.043100681083369,2.1287732280408607,1.97265804542341,1.5895584180262565,9.375809,-2.2178345,1.4163762028030216,2.0475367703029153,2.1455015294247892,1.9690489573412697,1.6046032548643436,9.922409,-3.1433716,1.401291935113468,2.0330934269601806,2.127727131322138,1.9638512409510194,1.6080462479294058,8.444794,-2.048767,1.3448782096272194,1.9765580914064806,2.029286740831564,1.8697214130315067,1.5371158040228439,Hello
-1.0546112,4.7665863,1.4918583153328653,1.8433759000805636,1.9272435665165382,1.7564065827587507,1.375800442350232,-7.6733246,0.73072815,1.369056893434613,1.7969240399949207,1.8596267931298887,1.7194743555308896,1.4402315960757592,-9.660126,1.8357239,1.3273483456824724,1.8413147442646238,1.907869547886832,1.7687850194620043,1.4896721683210086,-10.959534,-1.4504089,1.3282416047887227,1.9750751501766222,2.057548830857815,1.9192208157789876,1.6296145072611803,-14.489502,2.0722656,1.3520716570987679,1.9687012640645845,2.036415727831044,1.9121270636796006,1.522688465459779,-9.639709,0.38879395,1.3845255140183579,2.041531221385502,2.0975609809439755,1.9444691346931202,1.5705014723394684,-7.498932,2.0369263,1.370795771180659,1.9839534520340236,2.09929607086589,1.991176832046307,1.5883489808628004,-5.754059,1.3360596,1.2929521243347988,1.9952086467705958,2.087301386382707,1.9440176157551756,1.5732517804466832,-1.6117706,2.9898376,1.2359196070348286,2.0176551376853022,2.1382755052908666,1.9102141717020198,1.5978535387811492,-4.857437,-1.9805603,1.1553953648111346,1.9406889515950028,2.173103359802275,1.9327410509480325,1.5393667663869688,0.6786804,-1.6777954,1.0672640967775004,1.997578288061985,2.2322790721852623,1.947895824167272,1.4494854433159432,1.6739807,1.4564514,1.071815588858842,1.9410124513111218,2.1657111269792764,1.906045114717812,1.4774377521707427,-4.640869,-0.193573,1.0197983535340087,1.956880916745706,2.1785174937562313,1.9280906028572677,1.453568869185204,0.1000061,1.8711548,1.0710658764924677,1.922279833011461,2.211534968972913,1.960659866451622,1.544230720362948,-0.52571106,1.4304199,1.0726134424284415,1.9704125686536527,2.2271625257620777,2.0039328748784646,1.588392700670799,Hello
3.33667,8.048676,1.3474812406020014,2.2347343259614134,2.307141283830476,2.0585446605431743,1.5194534809720972,8.723801,-0.4727173,1.568344677045153,2.3137194842218243,2.418985064232635,2.155313347981434,1.6372224098934385,5.6024323,-2.0639648,1.725559911595336,2.425347381007651,2.558159032133311,2.339493446130526,1.8564454210714736,13.773056,1.9536438,1.7950088778928606,2.411631618121028,2.546114012272358,2.3312189238946948,1.82865527758908,6.6115265,3.168518,1.767001984814661,2.3527350264289533,2.50056221499485,2.277989178325698,1.7317871569980643,5.6657257,-0.94467163,1.6950850313793897,2.3031112720291516,2.414129881171626,2.2208134569635347,1.7415499009735347,1.8635101,-5.2194214,1.669149556821385,2.255024288333898,2.38020046693534,2.294894412308626,1.9026204439857015,2.312271,-4.535675,1.7649370490846856,2.250943014445508,2.4127611142188803,2.403803968012349,2.0675984434498678,-1.6861115,-1.6732178,1.6998634351211195,2.1798037089510904,2.428186030837255,2.4814256416940443,2.1986084421834464,-0.76194763,2.3519897,1.6563551400040253,2.156170397177104,2.3787854835622175,2.4078430876061234,2.110417713430573,-0.4811859,0.51690674,1.6247811574239013,2.150371085437522,2.38970046495431,2.3986313439536042,2.107849778862595,0.36439514,-0.27194214,1.6271868863536767,2.134042740569083,2.371850652916111,2.3782485873458787,2.085822200445561,1.1149597,2.2791748,1.675277176502384,2.2048870586149234,2.371990127604307,2.3980418048484107,2.1197099686305494,-1.4874573,7.433716,1.5946098837085256,2.2182354136009126,2.3337039127685695,2.1604808733798335,1.741144734308141,-4.029541,3.1547852,1.5713292282569664,2.1976801080696733,2.297954461547037,2.1126190323523666,1.6303701046657695,Hello
6.337265,-1.1621399,1.3331864512531728,1.7898518210903338,1.857330688737997,1.6610048209252475,1.3750424813789814,1.4129639,1.1566772,1.3734489876278084,1.7963378416792464,1.8400339418301235,1.6940788663609219,1.4402266561594863,0.9922333,-3.5707703,1.4719141390740145,1.876671321797598,1.960909429001701,1.80813702681694,1.518082835756929,0.30015564,2.0158997,1.4088367124533252,1.8635995771332445,1.875391889653634,1.7295494375954603,1.5033610415987735,-1.3402863,0.41921997,1.3569636449062041,1.8183497772029127,1.8904409832207145,1.7167481475400943,1.4201232528539947,0.051742554,0.9789429,1.3047940297196814,1.7511735779182134,1.7957170999842538,1.6335126797802926,1.3457553774361433,-2.6901093,-3.1987,1.3567191530903635,1.8018345501697706,1.8762471656574662,1.7181684383525864,1.4140883692547903,-10.136856,9.927368,1.1415975387241952,1.6765346863539803,1.7230910783651379,1.516579534223772,1.207124713534238,-3.0216675,3.3315735,1.1726845376880703,1.644623319664632,1.6445453243919874,1.4547493567017045,1.1761608277114781,-2.2955475,-0.17733765,1.1692518986289402,1.664401230100829,1.6516383869811324,1.4478233649699717,1.1841548475555206,7.970093,-5.748657,1.1439198713527985,1.6558033263356629,1.7239610705585844,1.55151279089736,1.2463769878173419,5.971466,-6.085022,1.2411698748401032,1.7495391204007755,1.8440579168105367,1.676912686116346,1.4090244162995926,0.8193207,1.7731323,1.3161016053219687,1.7683727104318487,1.8403134066827922,1.6487017599539957,1.3375668074640157,0.4475708,0.029571533,1.3233926216858145,1.7624114396102142,1.8272561989361151,1.6484199880887833,1.3477245337008688,0.123703,1.2863159,1.3831546365519094,1.8388658204029944,1.9256744328759519,1.7796672976482482,1.513505649621947,Hello
0.53302,-1.0447388,1.1647092703782544,1.6894815415807596,1.86128888621622,1.7363116836711934,1.4587839141785202,0.5790405,0.7891998,1.188764875551665,1.6767487699865993,1.8331860150769226,1.720012606621094,1.4697221274868724,-3.3928833,2.521698,1.2248286298862716,1.7091103830942256,1.8278896601630412,1.6848594964082746,1.4197599007620734,0.77937317,-3.888794,1.1836683922663305,1.6363070857429884,1.800953776028691,1.6740615265855534,1.4130391342005215,1.6238098,0.39988708,1.2003772652456173,1.6726744713622272,1.8194307486386287,1.6939173087705863,1.4088301943113095,-5.869156,-1.3117981,1.1968780657776166,1.6739010461348802,1.7985537520254475,1.6812353313068542,1.3772765827148181,-0.95314026,1.6740723,1.1706702215465805,1.6592784229905684,1.7995226377350968,1.6803437100103567,1.3863286016640215,-1.1052704,-0.16477966,1.1720292248486501,1.6691864360836366,1.7914070474068433,1.6719342881156014,1.3863525255503009,0.8183594,0.769928,1.2081155368506413,1.6612870649469846,1.7709767083760344,1.6444574514765673,1.3600776192879358,0.5373535,-0.74731445,1.2163435431009384,1.6744882374081802,1.7896545960122918,1.6624274842043547,1.3672129199177774,-2.3612823,-0.9048157,1.2010756416016943,1.6637664114126725,1.7970383622369819,1.6818136148168814,1.3944652530388189,0.06390381,-0.77986145,1.1874868193181403,1.6571359152880039,1.7939759226946412,1.6745467309456525,1.3783114975135178,1.7787476,2.0343628,1.1643279932993709,1.62951198194698,1.7433953818983954,1.6265317734840274,1.3619186042595233,0.69044495,-0.79008484,1.2284113779210697,1.6478480868574468,1.8088370394814581,1.6744178689100035,1.3993864302574717,-2.8198853,1.82518,1.2593160386181286,1.725901191236757,1.8286010353108155,1.667541286765014,1.3940257109584273,Hello
3.9242096,0.66952515,1.2015673907259248,1.6638082556674822,1.751411747126607,1.640872413110752,1.3530012535359492,-4.3112183,-4.793915,1.1876213530766315,1.6680133084163185,1.779642061076997,1.6703132549683652,1.380061308780047,1.2935944,1.404419,1.1531512991776887,1.6608707311675934,1.7592023265887666,1.6424119147633225,1.3493779967767672,1.4261627,0.6461029,1.180163287236546,1.6546621957344734,1.7581257949784506,1.6395414073496544,1.336561606821885,-0.3469391,-0.040863037,1.166632124858921,1.6473785698095766,1.7619315699906293,1.6547635784496393,1.3560713149817603,0.24046326,0.7902069,1.1871056417320318,1.655554452847039,1.766165981039055,1.6536670223298966,1.3580872267784332,0.2500763,1.1856537,1.1788213587789984,1.6613290984039577,1.76438431809869,1.6410192921138353,1.3520182139237822,0.4764862,-0.33613586,1.2178243211976638,1.6755484887818846,1.7677712240392434,1.646103219554064,1.3659558117621784,1.5602264,0.4963379,1.2076403184748667,1.6613424037841877,1.7433936460580244,1.6189680594712819,1.337097762220384,-0.48365784,-0.57632446,1.226517780091965,1.6582036369943116,1.748626098691167,1.6224864092822926,1.3535119719315851,-2.7336884,-1.8073273,1.1871008584812957,1.6444455971977325,1.7511526218648614,1.646782806902157,1.368600920047593,-3.0081177,-0.62164307,1.191640918219467,1.6557795338465473,1.7649565551450013,1.635865698424437,1.3537785712085517,-0.54963684,-1.1651154,1.1716358700046576,1.663401959942902,1.7566736301457977,1.6172505136670545,1.327749218233455,4.102936,1.8723602,1.1893955676457002,1.683366793804475,1.7642120890450426,1.6203264897333498,1.3333710303910904,2.7021332,1.3818207,1.1892326108490274,1.6838261750028258,1.7792530682290026,1.632934991264852,1.3628062691956295,Hello
0.4195099,0.4204712,1.118556057968362,1.6705389900759842,1.7412167314837805,1.6136115255758996,1.3419508167455805,-1.4477081,-0.2593994,1.127676517443854,1.7021686634091866,1.725221491052021,1.5960592708825165,1.2939619316368889,-3.8627472,-2.7954102,1.2243823316887001,1.7143420265750708,1.7274798081056397,1.5639349820748754,1.2704287843928206,-3.8555603,4.821747,1.1674464172142378,1.6855469077170746,1.679557316799777,1.4535683136960325,1.157848024201473,1.8834991,0.81015015,1.2205131601180732,1.7132879964812795,1.6326878162499854,1.4239540626387535,1.0981977365039057,-5.5494385,0.8616333,1.2670619086745836,1.7631464704223072,1.6824594651479858,1.4750621561250563,1.1608235068951447,1.9825592,-0.48693848,1.381623475660548,1.858742770398471,1.7536726279646149,1.5154908542208834,1.1507046390751332,0.41101074,-0.6841736,1.2937720130800412,1.7866757767546666,1.7101814944444078,1.5218375708231844,1.1642475217613208,2.2299957,-1.9578857,1.2920885808824287,1.789349123011693,1.7271736456324518,1.512097904103948,1.1489436756739013,-4.163849,2.9177856,1.2585946909874128,1.7938853941948862,1.731091556002141,1.5231684769947647,1.1758916385023852,-0.98583984,1.8565979,1.2556198441561686,1.832291311792247,1.764407628528672,1.5596909040912603,1.2123915292135388,0.812912,0.19659424,1.2634214095834282,1.8394372626949878,1.7770996407734758,1.5704607879930164,1.21619880530266,-3.1631622,1.0758667,1.220387215832559,1.8123787891456054,1.7625593565350184,1.5749741714246626,1.2424546018476204,2.4652557,0.4230957,1.2509826293839479,1.8199479987967155,1.7699561648858722,1.5818928765348497,1.2387851440526536,1.2926025,-0.77911377,1.2362353980655607,1.8037212709463346,1.7626651924466128,1.5727824551246878,1.2071039215729549,Hello
-7.825485,5.521942,1.1812239390981374,1.7037737146594232,1.6980833630808911,1.479086675320292,1.1504198963437744,0.018035889,3.7427063,1.2893709345761424,1.7814546454320612,1.690808030932332,1.488635193155056,1.1244462259387993,-1.8768005,-0.4602356,1.2559028219877266,1.7685640209931044,1.7006335674406083,1.499555942021283,1.1613720547074413,4.543503,-2.1374817,1.2554251853999558,1.7547460336396066,1.674915443376239,1.4558154261968244,1.1339844007352669,2.6632233,-1.53302,1.070092689429786,1.7118622296852235,1.630041476656146,1.4215055432752775,1.13667969267487,4.8902283,0.1826477,1.2286869556753124,1.7324979291174611,1.7309681586965648,1.5681268878887953,1.292657822672486,2.9248352,-1.719696,1.2885777191352095,1.7668341185875212,1.8684760408875694,1.6820114017566807,1.3811719238980644,3.8295746,3.0368347,1.3087864701266367,1.7679993007450365,1.8533658889274172,1.637870947701974,1.3217915667897215,-5.7352753,0.99401855,1.2489329067503447,1.6471899010147806,1.528897894004202,1.2371842380878137,0.9635182196588158,-4.914566,-0.3673706,1.3362305612183227,1.6780105566031793,1.4902492281905553,1.2465599610620333,0.9988654689157609,0.42164612,-7.4957275,1.283934087932523,1.6078013554190795,1.3835967475743638,1.0048342674106647,0.6996698021557888,-0.15060425,3.4721985,1.1863117610415388,1.6028269980500172,1.427971169226468,1.0648604447403067,0.8331260986651784,8.532166,2.6531372,1.377869185440176,1.6078475542414248,1.529103063409685,1.2686588945963708,1.0612512573233974,-0.42910767,-8.845367,1.7395981909650793,2.0666639329911973,1.916754974685072,1.6605590348231556,1.4332930925197471,-1.2672882,0.677124,1.6911408010617184,1.9252663191050687,1.7323333453976688,1.42700720661665,1.2424103073850024,Hello
12.13324,20.111511,1.6855178725319286,1.8613114067238703,2.0730502769752626,1.9716346863285692,1.6501170039143676,-0.5376282,2.699463,1.6924825709271591,1.882462246554471,2.09811116210928,1.9975501663169688,1.6659982930134223,-5.0864105,-11.484787,1.5740254659731838,1.929224046113917,2.0978970232517344,1.9795205670136882,1.6221386465032348,-11.944702,-8.100922,1.4416859189836329,1.9296367568704178,2.1573972033527458,2.1579558416784534,1.8563275462605844,2.8060608,1.7578735,1.392126457401747,1.8157491838198632,2.0478890228406397,2.040812995415686,1.7870576016101345,17.32611,24.6689,1.6067996390975845,1.8341468630726494,1.9108986547595679,1.8204851879153645,1.5567032932428897,-10.6577,5.217224,1.4289405510350572,1.8427519248421604,1.9188483333885764,1.7774135123531047,1.4779064342063357,-2.8470917,3.743225,1.4490176227530478,1.8400718879459748,1.914813533326709,1.7688432011726198,1.4382029795606717,-1.4799347,1.2880859,1.3687725997812394,1.8601602808767606,1.9251692493099382,1.7895491401213854,1.449330768616627,1.5566101,-2.6203003,1.4327290577653622,1.8953865517932862,1.9639155130666137,1.8212994947460375,1.5074714712399129,0.011581421,-0.20645142,1.373604432095256,1.859221313215155,1.9314552606059734,1.7903457346367806,1.4499228327601197,-0.7513275,-0.60876465,1.3641031217773245,1.8618387709574875,1.94886569246736,1.8245086325094881,1.4766748907858385,1.0716705,-1.1252747,1.425659677076316,1.9051763213550774,1.96421268434762,1.8090303529034624,1.4710295569635345,1.2584686,-1.7584534,1.461868301383691,1.8489880066095266,1.9607108968988152,1.8304278500618463,1.5171066793025103,2.2665253,-1.5022278,1.4829122920715643,1.8135227114353292,1.936669930916926,1.8130544289200339,1.5200773366973874,Hello
-0.84095764,10.526306,1.5716213172970284,1.8563014359482453,2.089070413770739,2.0988553006175534,1.8469023112716179,13.830719,24.85048,1.7172873894604312,1.9193554332990086,2.0454940515265245,1.9517731278872437,1.665625549018504,-5.0488434,4.222046,1.5071019754167772,1.8873943760584826,1.965007163723905,1.9171777734448976,1.6224002389597634,4.2753754,-14.830231,1.772955396854235,1.9016749148746,2.1379743243911817,2.055016839868038,1.7537992246930414,-9.128693,-15.720688,1.7300768258228407,1.9249069646901569,2.190448933060892,2.210155089270312,1.903160577875001,2.6865234,3.5652008,1.670449544634217,1.8040768172819583,2.034354930616063,2.0158074932762395,1.713668570293697,7.1553955,27.824615,1.5277666369114415,1.8463065140629271,1.9109142187302441,1.8180452864603036,1.5237713353853115,-3.960022,2.9006042,1.4583309626076448,1.8789881138746058,1.9090941464637068,1.7678298420570249,1.4735694346847705,-1.3436279,-0.4755249,1.4430765171888864,1.8637123378452922,1.9032854632664393,1.7606425556839966,1.4755309792208495,2.6225128,-1.2117615,1.5438915853642021,1.929785608487382,1.9768199528340744,1.8841671935667537,1.5906526394728273,4.393753,-4.4447937,1.659508998850363,1.936483922582469,2.0695308434615463,1.9658384081580202,1.6456701177966284,-9.550629,4.137451,1.4112598553968465,1.836090543668516,1.870159107469105,1.7425841355537988,1.46359324994734,-1.9304199,8.872559,1.3853365207542736,1.7062475543123545,1.7374996038308097,1.5897611228539663,1.344082981292339,0.29089355,2.1827698,1.3813481097735905,1.7767878466433047,1.816995262481626,1.6714020558741327,1.3937505418189682,1.6971283,-7.1083374,1.369798548646683,1.7319752367001193,1.8256174644683238,1.7129349418512407,1.427914461481772,Hello
-2.768753,-3.2451782,1.1373413309970892,1.6165960467305245,1.7063440907655467,1.6038713617880658,1.3620656123013646,1.3287048,-0.8585205,1.1180448239557008,1.5715207871679546,1.7116703073233943,1.6145731752588313,1.372601556782347,-1.989212,5.817932,1.1925432760234127,1.7025472071059453,1.8006677634748336,1.685110772139966,1.421020305435577,-3.0028381,-0.0697937,1.214350098197931,1.6787705972829545,1.7700708630289557,1.647274623065883,1.3914546622935406,3.6284332,-2.6111755,1.1527822071854543,1.6212373419146584,1.7471399222383193,1.6628835831476998,1.4124324027305695,3.5093842,1.4750366,1.1545510830309331,1.6104461104462695,1.7344585459198456,1.6415017001562358,1.4108409916856675,-5.8201904,1.8170166,1.32961984440192,1.7362565639822705,1.8236590248197677,1.728678736153565,1.470723145291833,0.6235199,-3.6966553,1.1732692458013334,1.6456413871024669,1.747701230199074,1.6386967896439246,1.4075991445924092,7.724289,-6.753601,1.1575267529004067,1.6841381006906033,1.7502950903370325,1.619802733588022,1.3709228417871309,-1.3450165,7.453064,1.147917213403793,1.5956170529680573,1.7131683407164493,1.6048082102545835,1.3524204007864387,-7.4044495,3.3760376,1.2735437404187913,1.755979495287692,1.8537188874419013,1.7439166324847768,1.4770193426063105,3.5219574,-3.1349182,1.1456112513823349,1.6398286132682036,1.7435480851117926,1.640762941763304,1.4186918171149236,10.940079,-2.342987,1.2279188708455344,1.6824441023313284,1.751791604837324,1.6299833399802999,1.356738761140025,-12.791367,0.9602661,1.1583811764307737,1.649120901389357,1.7420377266591718,1.6111571504883255,1.3588689458068872,0.27534485,4.605774,1.074167661302478,1.774992346691632,1.8314580438685588,1.7111853692460952,1.40442452075437,Hello
3.4256744,9.263184,0.914710217334749,0.8315169000602763,0.5689241159099991,0.28916690016780966,0.1135282387574619,5.565094,-1.1549683,0.9568100226300661,0.8424194939867813,0.5995580807446672,0.2844019231149955,0.060758289424135845,-9.493149,-6.9596405,0.837592981511477,0.7372078274942221,0.490458449952855,0.19472726384292377,0.0667985863129168,16.125717,3.1992645,0.947014765399472,1.0101194020158497,0.6787944205668329,0.4145290155390725,0.3205402627909128,-17.992905,-4.774643,0.9317915506636198,0.7637881099880992,0.5492309587693308,0.3719393856548588,0.32511147766619136,-3.8616638,0.396286,0.8544769346860117,0.7192888950760391,0.5247855074877724,0.3891930643233882,0.3620280953385517,3.530548,-14.388748,0.9448157524153589,1.0357998170846217,0.8115529933844418,0.5268602753309373,0.45651703737440696,2.4750671,4.3552246,0.8834625578619182,0.9240596061355716,0.7760310754129227,0.5836106108178651,0.5020622982273439,6.3343506,8.760239,0.8559009302919834,0.8338381169462407,0.6581860335925331,0.5074892458537031,0.41417397193175165,0.09391785,3.626892,0.9511789696409504,0.8526987808612755,0.6457445573011794,0.4360715452436731,0.37791212031213955,12.114914,-2.7082672,1.0516507147077732,1.0481556374339218,0.7670783645759333,0.4921838960911093,0.33465076393002813,-7.478424,-4.674347,0.9651095728313428,0.9800433632299937,0.6254820819974682,0.31109110025290904,0.12883916092631567,-11.493576,2.3245087,1.020856693409249,0.8898806922304042,0.5781582960457634,0.2493172615629975,0.07198086132970477,12.122421,5.0317993,0.9864848136791378,0.917935760558604,0.6342100616815566,0.32243451466235135,0.11775414018919704,4.3415375,1.8407288,0.9802511223525203,0.9964474909390374,0.6453865859362293,0.3943613183965462,0.29719065865439376,Yes
8.971466,-10.441071,0.9722778473305879,0.9488219829829341,0.7501553296484104,0.5161054107086142,0.4383310119478622,1.1556854,-0.39997864,0.9370947082964228,0.9062916915521739,0.7529902207024157,0.5076599813624793,0.44749966429028987,1.3453217,8.86441,0.9763189212043041,0.878312515020399,0.6789369298854498,0.48527578946945354,0.4191202815029479,11.024811,-3.0882874,1.1079141763620506,1.0997971924752823,0.8613955125368471,0.58197543486524,0.39929196384305676,-12.265198,-5.178009,0.9828534431855586,0.9648947502031395,0.5699998714007377,0.2741609506028702,0.13648537930434843,3.2986298,7.035797,1.0624768052373579,1.0390838280740982,0.6290912558745463,0.29809759529661184,0.09513788601542339,-0.7625122,0.12738037,1.115633296112618,0.9029674206869266,0.6010411979285851,0.2795631276257854,0.0358985093175677,1.3375092,2.7062836,0.9357015744250505,0.893501192487106,0.5640004924924625,0.3051565382850149,0.20955170808206225,-9.385635,0.23170471,0.751044325353145,0.7282175452261201,0.5036211553631784,0.3701138701416372,0.3182700008228807,6.930954,-0.5227356,0.915083706112989,0.844713353909675,0.6759123202839775,0.5218687414740147,0.45600769460132423,4.0661774,-8.292831,1.0031640848213397,0.9213274044093609,0.7176573060710667,0.5208220759634311,0.4415936987833966,3.1025085,-2.640854,0.9975564755181929,0.8834273107420738,0.7341354358183508,0.5227771074124452,0.47904129506945237,-2.2938232,7.012787,1.0349385572323662,0.9447515669364384,0.7778746390083905,0.5783451731774005,0.5193784586753277,-1.2346039,0.62312317,1.0445256635562885,0.9558629557590246,0.7575594923788064,0.5509412369860367,0.45472377143976406,4.380493,-4.2336884,1.0235905922713786,0.9484664764389635,0.6422288898322335,0.34923363078841607,0.24318563181131486,Yes
5.6221466,-0.34178162,0.9993210320564888,0.8230701564119568,0.5616784108532538,0.25781593058111607,0.11179805127666265,-9.66803,-14.448975,0.773691455552485,0.6581615169441837,0.412690115134195,0.17629185245020207,0.1734478715042151,3.739212,17.882416,0.652649462343757,0.8136080463267641,0.6211473658889977,0.45108359068721066,0.44289925800465285,22.27806,-4.373947,0.9965108760659517,1.0475301443365586,0.7649357373126546,0.5508109544827742,0.534285777082387,9.077591,2.35437,0.9925319479567214,1.0012998974379506,0.9043534798592177,0.6093634715812619,0.5772079961393143,-8.149887,-8.075562,1.035942976118318,1.020164689090649,0.7981200245461224,0.5985666366385947,0.5655558531992326,-1.9090576,6.172653,0.9317137746769049,0.8679937107648368,0.6425708534501987,0.46815796773470414,0.4481757213041256,-8.6957245,-4.0631714,0.8586067266483448,0.8256203879804083,0.5965587394415924,0.35848958039266365,0.3038742252001339,7.720215,-6.5110626,1.0531578915647695,0.8732363938768001,0.5416229261247353,0.22978628322012756,0.1726738192931465,-4.96611,7.8779755,0.9387528226027623,0.8089185919482753,0.48171957966956325,0.19610070802119745,0.19768736078357557,4.662903,-1.2590637,0.8289536162251117,0.66683543239761,0.44245030734003243,0.23955815937152947,0.21940190377268365,-6.9858704,3.5966797,0.8203473408483559,0.6921397200978897,0.5226315442019667,0.4343053618386837,0.4273995369033336,6.016571,7.957199,1.5876428460109937,1.1701904526855742,1.1179145083845443,0.982677841488603,0.902409417282192,10.081833,0.063064575,1.6124668721307958,1.3706665245402792,1.3172837599964264,1.1920641644418193,1.184652645808933,-8.639938,5.00473,1.6553397152871248,1.601031747542579,1.5295076259458655,1.3052496047844073,1.2237201679153586,Yes
-2.0318146,6.4923096,0.9500541125215167,1.312373104728531,1.4356877115503037,1.3034397137203508,1.2573449059530375,6.89299,4.834137,1.2018338920197629,1.410839199011338,1.547040707056335,1.3424998791743392,1.2695696685310867,1.9411316,-7.731064,1.398406219575788,1.1688865975362936,1.126127242875296,0.9273022198821532,0.8349118221580617,10.953888,-2.1894379,1.0266816523527476,0.7230854585097594,0.6869541566394309,0.5277862871018196,0.45241956814163053,-0.04411316,2.5448456,1.0821069274793786,0.7069452015445853,0.6757294601252444,0.5470354379021213,0.5039050125877235,4.3661804,7.4550323,1.1993282271797043,0.9777331811986406,0.9734269631024529,0.771286272434429,0.6218329623975352,-8.996841,-6.6921844,1.2521383358214129,1.3073128470381306,1.463903770776443,1.2249794652423558,1.0851134347568219,-4.404709,-4.5441895,0.9134695390233966,1.2398259072126303,1.2535865051865247,1.1365459462998106,1.0837993952007499,0.29551697,2.3923492,0.8702935096955265,1.260502786997962,1.353922055687161,1.1609715400773206,1.1084659883952594,-4.3451843,5.7304688,1.1705647075489622,1.3080515599992917,1.489828291566421,1.3361763202563266,1.2737884275400253,2.956192,-8.115356,1.2555182429212661,1.0420083446401116,0.9553916976322984,0.8103527732605984,0.7502546033289883,10.588257,0.75627136,1.130622717700073,0.818008606976435,0.7687929104637636,0.6136826757868792,0.5188630239266587,7.2235565,-0.65382385,1.1616719109365146,0.669013762163497,0.6094966013770385,0.4763526473044307,0.4158603611628062,-2.9499817,6.4521637,1.1831053914126282,0.9432207762760284,0.8748184164472742,0.7408025679077037,0.6422184901373151,-13.127838,-1.8401031,1.1713436208591126,1.3195381718064907,1.4777297561853526,1.2934277290375187,1.1768884432063855,Yes
2.582199,2.153656,1.022335515603187,0.7819089551183804,0.6773245525769005,0.5109747369563159,0.4788614321044723,-6.664337,-5.635956,1.0938069116566873,0.9229350814650062,0.8090966766324929,0.6185844675775366,0.5755030827884894,-8.899826,9.0872345,1.1943989546680038,1.3650305412034085,1.378513317673988,1.14287445471016,1.1408393290793875,1.5351562,4.00296,1.2419844605848793,1.3825635328469894,1.4330844526401465,1.213590286024861,1.177376586083307,-6.1393127,-0.55892944,1.2517629026619375,1.3969884935472447,1.4493483910237168,1.214826940159077,1.1468726963065121,1.9900818,-5.1235504,1.4511154219805178,1.0054928003038257,0.8993639095336053,0.7687093589826829,0.727562804184854,0.97146606,-1.2334137,1.1807204263336406,0.6903569218437936,0.5493399299388965,0.4539742411109547,0.4175415046297688,4.542923,-16.089066,0.8615586905677808,0.6223025651022293,0.41779472134749857,0.23143792854900141,0.22004983903479092,-1.9925385,17.880722,1.0576142085977487,0.7482793464538524,0.5955709647028935,0.48647674882109865,0.43100165150289854,1.0164948,-2.5383606,1.4190883591960162,1.1550393876373148,1.0064810112482092,0.7965676641732681,0.7601283446048608,4.464737,6.2640076,1.4852890225682807,1.2942571570011947,1.163796469643876,0.9948252462085162,0.9448289556059876,5.140686,-3.9684753,1.46648062908148,1.3314072022630117,1.1710345232098331,0.9399547143455174,0.8966486493586894,-3.605774,1.9962921,1.3682113464130319,1.2955447157931668,1.1192197355540352,0.9334927568122628,0.8249880992796571,-8.587494,6.0928955,1.0287559828598871,1.0051418940679233,0.9038496371332412,0.7652327520789963,0.660444518576125,1.4174957,1.0066528,0.9893244746449136,0.9937163776058313,0.8586029578800707,0.6797375428545505,0.5054937008844591,Yes
5.832718,-0.55563354,1.0080777652999482,1.1830608225199548,1.0951150342240117,0.8065554436218114,0.7267819390775729,-3.1560822,-0.33132935,0.9709460740722047,1.201860501184452,1.1213558739121874,0.8856107281125022,0.8041310028605914,-0.31658936,4.2533875,1.0205239445171268,1.4391065744183988,1.3060131408452906,1.08990589698719,1.0193777553297203,-6.5536957,-8.818497,1.0355399755569643,1.271581974455033,1.1299289903483762,0.8778006316600778,0.8138153915496714,3.9914703,-4.7851105,1.0142190653458587,1.1286219027680944,0.958084015948995,0.6800116178815824,0.6238151852532915,-7.1789093,2.8594818,0.8858755775536711,0.9753001552494617,0.8295072623235797,0.660308294068648,0.6120034648360612,-3.0156403,-0.18205261,0.7914762759497548,0.913775044113833,0.7527878842558746,0.5997190402432772,0.5578461825092577,0.16427612,-3.2635803,1.0278918613351806,1.0983333427279955,0.979883526637033,0.8357604621478256,0.8255157796729523,11.89212,12.200195,1.1029281300571547,1.5737715048218948,1.4855910456900698,1.3403366861493213,1.1835550273401314,1.5258026,1.7341003,1.0899460534298693,1.6641292719134766,1.511324945110441,1.3746538485152475,1.2188730808030277,-8.469376,-5.623871,0.8681767319943756,0.8940082421983885,0.7962838202807666,0.6933224884175582,0.6278689320753209,12.045074,-4.548065,0.9127361200308447,0.9410545322149474,0.7115771900189406,0.49615637915040406,0.3387074010640632,2.5321655,0.2962494,0.9242949526925032,0.9945426225831924,0.7787462115206223,0.546796001773363,0.38888640446520256,-12.905548,3.109146,0.8430976659611289,0.8983559696194089,0.7343008166408445,0.5700682041866073,0.44752359728903984,5.4965973,-3.5753784,0.8858962739576843,0.8916540126417959,0.7472777987765654,0.6383567501013012,0.5277620008009973,Yes
-4.5144196,-2.3098297,0.9543372698697087,1.0824936025389016,0.8142427649597491,0.5903622011849119,0.41248115239407734,10.577621,5.655594,1.1618377315596586,1.2654418283089075,0.9944688286438594,0.7561972524938937,0.5388337943047657,2.6017303,0.03375244,1.1915170178741068,1.235587100878262,0.9786129155674387,0.7515181631498877,0.5460028565646908,-3.4455261,-3.77417,1.1847269140540464,1.284288490245162,0.9708508034655092,0.6874298639965631,0.47042477412455425,13.397247,2.578125,1.15740712869478,1.1719268378598897,0.9640226422677038,0.7530900502244616,0.5921313589592665,-5.637985,-6.9480896,1.0734197017970133,1.174520052152983,0.9266897228072678,0.724496716336736,0.5842433112785722,-19.185379,6.234009,0.8949242623297131,0.9861881467730946,0.7545938516073554,0.5805619376040877,0.42805733564568677,-3.51297,-3.0699463,0.8260792820792763,0.8954632554608997,0.743122181600714,0.5680592459587773,0.4099716879210045,4.2246857,-3.5916443,0.8908502792826396,0.9638377611133204,0.746481515953994,0.556825736742971,0.38332398981009963,-1.3638763,5.06131,0.8313538233714625,0.9387436823581111,0.7218051053554994,0.5371731633109618,0.38148999060003463,3.2065125,-4.1336365,0.940543357449081,0.952059748668947,0.6970270130878322,0.4263587964407861,0.25335642287108445,1.2121582,4.256668,0.9579165733003612,0.9135634239339361,0.6356929534126601,0.3647987475759451,0.19346278228553745,2.2564545,-2.5514984,0.9911942294316223,0.9329985583252708,0.6442370731516407,0.3684868395444251,0.18668120912743122,6.3574524,-0.36586,0.8599282814899406,0.9122845811522886,0.6371753068772199,0.42766996798195606,0.26791106785211605,-6.8654175,-1.7861481,0.8021277494678836,0.8016892544519035,0.5942952707228961,0.44429846114716376,0.2994368191566916,Yes
10.136032,1.759552,0.8790331821879496,0.9333780140711526,0.7063927369445064,0.5043627845315812,0.3390755132701806,-12.959595,-3.3980103,0.8334940484754347,0.8234037624338539,0.6247179802372579,0.45222571171376713,0.31289199148104463,5.559433,0.008743286,0.8139444436913598,0.8255056680330832,0.5983329382758705,0.42951547713284355,0.34874414654690084,-8.191254,-3.8097076,0.6953057084067539,0.7954256531303228,0.6103518955171312,0.4267748864576898,0.2851802035420882,2.7289886,-1.5555878,0.760613987836207,1.0424961379241013,0.7291176520182455,0.4176942462715486,0.22101530829033164,-8.563736,1.7597351,0.8117536005925323,0.7989000119844454,0.5232879249800588,0.2293298143268028,0.10475003141318324,4.6959534,-0.8760834,0.8350878324465141,0.8314950816420971,0.5507690540847585,0.2516155304150381,0.07377841712120423,1.7123108,5.365677,0.7022011718539135,0.8419786014700241,0.5513513154195822,0.3082309509203204,0.197451626609401,-1.0989838,-1.5889282,0.8099028262292752,0.8493306633670528,0.6238104019843382,0.4423659104475267,0.36842128364238547,-2.441269,-1.3462524,0.7723242617586157,0.788109662823851,0.5795171049003448,0.44206609183752066,0.38786863823141093,-4.2255096,-2.90802,0.8095723765183249,0.8068352415747164,0.6156170871538112,0.45398155415673036,0.3959572420753496,4.8590546,-7.381912,0.9287061160820685,0.892191527630759,0.6104010294598586,0.3528263443744941,0.31267794491149,-2.3967133,-2.3580933,0.9875786799363669,0.7954892216723974,0.498383640843439,0.19969643135424517,0.11377482756963073,7.9752655,6.749771,1.0054229170620361,0.8572962497170115,0.5283915478958605,0.19648681818609462,0.05043202659855648,-5.7850647,-7.453064,0.9964533781338533,0.8813768002537877,0.5386622957213932,0.22455227620618234,0.17484226501144556,Yes
-2.0419006,-0.38102722,0.8487220779375972,0.6238000910072887,0.4897369345805305,0.400020374074509,0.45633315939034574,-0.20239258,7.332123,0.9991895640746811,0.6963006227626838,0.5248411001148567,0.39954838625622435,0.43576262854347586,-12.610397,-4.443924,0.5394561794824557,0.48593210260189607,0.28525882500337874,0.1994774386520778,0.5460901416415019,10.257889,-12.624115,1.0447721930365859,0.5867069876738782,0.2876338940431162,0.22731382968855765,0.3578562815270036,6.250244,6.9713135,0.919558626065234,0.6617415212527955,0.39577095115941624,0.1319992212802026,0.2531135011193178,5.1479034,1.2794342,0.9902949107097965,0.6590107944072138,0.4230961801921242,0.22810343144065082,0.2538191088252506,-7.1499023,-0.86143494,0.837511248367782,0.6514248344231252,0.40993382287951674,0.23827944117971914,0.29641650548581494,-2.4415894,-6.4687195,0.9248750624183242,0.654803893423672,0.4044039213662446,0.2116054837667446,0.22621912236187108,2.730957,3.9070587,1.0204180629690869,0.7427332971039313,0.4687535811418715,0.24459507017443866,0.27267185717504844,9.112701,-5.6728516,1.219591635745848,0.7684231010879571,0.4503075129000307,0.16671482694194356,0.059586038412245634,-8.465073,-3.3237152,1.193538498452354,0.781257541017212,0.44132508761755973,0.2660730373185204,0.3769590671538531,-0.24909973,-5.2967224,1.429980666656613,0.8585427314863147,0.5377761378910374,0.16534448303297364,0.18278219233657939,3.2605743,11.475922,1.1726184911431308,0.6896255794076546,0.4019702862967943,0.10640998728116745,0.12668265490855174,0.80322266,5.720352,1.0087063679856374,0.8026602678563998,0.4942363316503861,0.22082687442815574,0.17309441376038387,-2.5112915,-4.2947693,0.8488177560834862,0.7365078168424362,0.5005159874972612,0.28262998550974505,0.2378402566259336,Yes
10.140762,-5.776016,1.083866478807913,1.0789896979176101,0.866493180949717,0.5959765273163956,0.38466107297019,-2.463745,-6.9040527,1.1463961125727273,1.2650205128875294,0.9241760712547399,0.5887820341601858,0.36321001856431556,2.7002563,8.291718,1.004633653705972,1.0506633606132927,0.8098682402497456,0.5086025875856907,0.3102524641332033,-2.2243042,4.3977966,0.9328993330513182,0.9345688643743584,0.6561330967437108,0.3666668785673001,0.16264578024139262,22.503342,2.0102997,1.0801303453067108,1.0471147504227072,0.7031752855068385,0.46948935692642674,0.30362086618815626,0.6755371,-2.294281,0.9925199412355591,0.9775104380967292,0.7014735177075629,0.4656384393458855,0.29762138420301104,-6.497772,-5.0687714,0.9439409864122864,1.0434076682094693,0.749706786950547,0.45309812188428555,0.25482235992008356,-12.549805,-8.005066,1.1825602310018943,1.2213809185010047,0.9655975594692682,0.6436694230988032,0.39392357323438815,0.41697693,-6.9858704,1.568231345535088,1.6186726816511903,1.2997394563892668,0.8708198340451379,0.7335149235019359,-4.6745605,1.8971863,1.3557827193562797,1.481166427253772,1.0604101180471006,0.6419094821116571,0.5314627637599981,6.1482544,24.768723,1.0515353950996635,1.027952259000044,0.7624024981116643,0.482930200986175,0.25679573042105763,-2.2808685,2.319519,1.0496273289409699,1.003364336213515,0.7149536446668517,0.47170057681109073,0.28316225692615316,-0.21710205,0.13589478,0.9079116705266067,1.031179774162751,0.782570679485112,0.5380279607831898,0.3459986652650125,12.366318,-7.006424,1.1326228061361459,1.178902510497274,0.9449712478518429,0.7061086033000922,0.47632508344419555,-7.278824,-13.413498,1.1933315375606661,1.3528908645376754,1.0937591694500242,0.7652221329886383,0.5779112182606492,Yes
10.135605,4.949295,0.9896627833936846,0.8385152964460683,0.4693716771029787,0.18742918500414818,0.11071260955572818,-0.2376709,-2.8880005,0.9665802779096034,0.8744503497471756,0.49708949255635065,0.19936966171069614,0.11624263216526703,-1.7631531,1.1627197,1.1409044702923852,0.9126876538407901,0.5195716395155084,0.18277720468395323,0.1316547110420374,-3.1773071,-0.28234863,1.0118198738502433,0.8716451059090676,0.4911167656084721,0.16069709230759027,0.144710675751918,1.7558289,-5.255554,1.140096916890087,1.0551663886377136,0.5804327319129138,0.3380205690621393,0.49336028507011975,0.73703,-1.283432,1.1909690612383879,1.01503363731285,0.5693440569532383,0.22518942199146436,0.36009540076056823,3.20018,5.2533417,1.0641111378056698,0.8648051898437279,0.4629735742299977,0.11488929893415134,0.18386714668321869,0.42115784,-3.0615692,0.8255959118531407,0.9723948844371761,0.49427770965518747,0.17539361700050546,0.16888334257102117,-4.374771,-0.42634583,0.7240672097269452,0.8825500835637943,0.4378004669769228,0.1414137837905859,0.16541585955749424,8.386673,-2.6078339,0.7709627721013558,0.8488574839432685,0.4617217012451577,0.15169862346547325,0.16726068740677694,-0.6329346,13.124619,0.862906733681222,0.8698094494574924,0.47007822141103356,0.11245737660863953,0.23466644590150426,-1.5499115,-8.220627,0.9872470782304736,0.8866880826875456,0.48259356375712137,0.0974900848725208,0.2594210077445346,-3.3161163,-3.5175018,1.0584334376095317,0.9033088953956904,0.4988071523970976,0.1537305773959535,0.1450503928181754,1.2026825,-3.7613678,0.9911453113272931,0.8220652272850423,0.5570339989356439,0.2863877906322558,0.2082584873779324,-3.3303223,6.735382,0.9402290575322024,0.7391882557123799,0.5610002231598017,0.38499110714552304,0.3494719424387468,Yes
-12.048798,-3.822342,0.9190410234707059,0.8039465468276696,0.7055425382199839,0.6076835108094135,0.6315885121956767,18.313522,-8.87822,0.768403484322591,0.7409517246616159,0.5515459881985079,0.3632384282824563,0.2982202125743258,2.6352844,0.8439026,0.8348543137627665,0.8003681632158375,0.6211117892340012,0.37608103816963245,0.2606309414917371,-16.895203,3.019043,0.925578246213667,0.6366603241847196,0.5334904619171852,0.45694430822050214,0.45755266192340216,6.8395844,0.28074646,1.5262284671774198,1.1134036838149675,1.0346130845085977,0.9093908717966077,0.8766785555472506,3.253708,3.5277557,1.603504215439316,1.2925653580227037,1.1598279026969596,0.9905503388566655,0.9165708351441678,13.587891,-5.28891,1.1154813211433299,0.8049421475822195,0.6523623879210414,0.5172679739602897,0.4463583204881293,8.414581,-5.7373047,0.8461303474767039,0.6256528543075889,0.4260195062708904,0.2031360217968093,0.18619685356954527,6.77623,9.856735,0.9008716822325527,0.6770400247677079,0.4985227312489266,0.3035034822851778,0.24221771433842046,-7.4206543,4.7312164,0.9009927294773803,0.6749230780470405,0.5473727185887876,0.40320542561299066,0.3711617470067207,-17.321548,3.0879822,0.9997037635668117,1.0334119953094998,0.9998990655550449,0.8190650753183862,0.8417365318754856,5.428253,-13.326706,1.4375624828187203,1.1554988297194337,0.997329766599553,0.7668281853486636,0.650881211018705,-0.47686768,-12.781296,1.0164195698583838,0.7864775572545005,0.5358707897475844,0.26368156332040393,0.2309495763253937,7.826248,-0.037002563,1.1266296532944573,0.872683925192739,0.533966894813503,0.20981456767662632,0.05163939157544124,-2.5070953,-0.0039520264,1.10975183912911,0.7907150893983776,0.4833717163319231,0.16774577048198314,0.08310829341319009,Yes
0.68000793,-1.3276367,1.0751432243705041,0.80817965660119,0.5441344486717967,0.24385222634442844,0.10980388602375886,-8.312805,18.517303,0.7690235082431768,0.6505980716332582,0.5151411154661971,0.34499210518571644,0.25503375691334257,-7.156296,-0.018478394,0.8169001587813042,0.8013228146790341,0.66812412560603,0.4924170315658348,0.40322869572397735,-2.8809052,1.8458557,0.8267801889186492,0.7846648883189103,0.6710569265529254,0.5217797537194986,0.43294147261321114,7.512497,-0.7523804,0.839289462966194,0.7480190982758863,0.5765397534783588,0.3461975142149768,0.24222249338364665,13.099411,-4.9785614,1.1076196324240983,0.8781252899182153,0.6650796270954102,0.36752114407870623,0.19945065188969147,-1.147934,-1.0794067,1.017389624624597,0.8438732461680004,0.6403275221298027,0.37054403098191474,0.22844508140788167,-14.742737,7.3136597,0.8187099082911647,0.6660302249574745,0.5218292755653429,0.4068273613964919,0.392837504509675,-14.2421875,1.7618866,1.1127913252197055,0.8469744164696142,0.8329146257226252,0.7357060488038256,0.7043234669233691,3.2934875,-7.316437,1.010410697106887,0.7110174285760928,0.6443314896559895,0.5474506623434746,0.5330808638991427,5.757202,1.1899872,0.8896491682507219,0.6956480659926272,0.5741895432446422,0.4702447348768444,0.429753141750744,23.675064,-0.20175171,0.9532158329165561,0.773480693614826,0.586153449186923,0.35879458409288545,0.20061423713966794,4.470108,-7.0466766,1.0867757315304583,0.8138020374608643,0.5627164765277187,0.2761271989138901,0.10188963615388372,-2.9086456,7.1966705,0.9880606157765175,0.890445342906324,0.6903558459193112,0.4234980407496403,0.24639324320041137,-7.1539307,5.3277283,0.961960695689693,0.8353756353646445,0.6598939421797962,0.4400247887778628,0.29832417787327503,Yes
8.708206,-7.727127,0.8305497655720067,0.619519717770599,0.4151250374006798,0.228112238914861,0.24094741692814808,-3.3426514,13.968597,0.8073760798654975,0.6072991782462395,0.4508672123351856,0.34713590791434384,0.3408696261438693,1.1856842,-3.1512299,0.8819888244795199,0.628524285883152,0.47249989541612475,0.36093701047581267,0.3465906725612833,-6.0786285,7.9495697,1.3015259238646333,1.2938802272936871,1.1938536208227333,1.0069011272095711,0.945847624243747,-4.8160095,1.7223358,1.3990359582323189,1.4387293344344045,1.4499607671453816,1.2215896862935505,1.0902054236774021,18.787415,-5.0304565,0.9038520789909557,0.6966713928320896,0.5781360768385874,0.47207206386130657,0.41686043601611406,3.5098724,-5.7921143,0.9045041216420202,0.7375501947839797,0.575479272171377,0.3872806675024438,0.33231077877861354,0.27212524,-10.927643,0.9150611665921231,0.7244440418791064,0.45826497084680134,0.19805047913560292,0.20122432632501508,-11.004883,5.044647,0.95513732292955,0.6439893949975972,0.4783330311703787,0.32775589028789226,0.3065554407533793,-1.0686951,2.74469,0.9295773919553921,0.763980697867433,0.5902095698448563,0.42438549599964254,0.40144043535757695,-4.000519,7.9037476,1.0557616702248402,0.8627758123650074,0.7408804974151897,0.593287068443885,0.5395855695425666,-4.7534027,2.461975,1.188038580054871,1.0960734969847354,1.0503677956553146,0.8780107450538008,0.8160456057712598,13.480759,-16.02417,0.8027784836527289,0.6959124977346529,0.5335340164149396,0.386091559122385,0.372065029982501,-1.2492676,4.96109,0.7991748621364044,0.6445285605471913,0.49245782064380467,0.35841414456445203,0.3752397741160466,2.4792023,8.9449005,0.8967424757723631,0.6966813866869893,0.5817655211102879,0.4792353078507945,0.4333075452433754,Yes
18.766388,1.1243896,0.954981756652084,0.7890693811691349,0.6622564994743881,0.5476359371835163,0.47470166845800793,-1.4770203,-16.414993,0.8239288955007672,0.5938619676768683,0.45822375614076605,0.3095069736845075,0.2930545622529969,-5.987961,10.746368,0.9071662415845048,0.7651802104624248,0.6440982416834558,0.5327838143821776,0.479756059758217,-1.3230286,1.7417908,1.399268692906639,1.2377979477945933,1.2142406908453742,1.025440659466828,0.9483819466013091,-3.1959229,10.203552,1.500027360200538,1.599398432574369,1.6861288899622462,1.4624038748998558,1.3387847113566727,-0.6248932,-2.6143951,1.5619512110253178,1.7065790848875029,1.7894488638533157,1.5805054406868095,1.4795118520838388,1.4608154,-6.909729,1.523991342497362,1.244301512990525,1.2114582044398408,1.038170290670272,0.9207991294006657,9.818588,3.920044,1.0479642392922301,0.8381799019988362,0.7222896300398303,0.5952089789771324,0.5116988292979766,-3.1780853,-7.4522095,1.1429792814392705,0.9044808398500491,0.7841622314776532,0.6094789605323802,0.510435188648457,-6.9430695,7.1053467,1.4359496448594955,1.2839104025364017,1.2472678963031203,1.0248852367354666,0.9415883724725328,-1.9485779,-1.4777985,1.420080206988078,1.384207664702284,1.307165760940215,1.052516545277344,0.9556182899913839,-1.1444397,-2.2575989,1.4273411862666083,1.3451073037542494,1.3613654339831796,1.1537745282578784,1.0600672812556697,0.1973877,2.4549408,1.4290044902667995,1.3533144750729564,1.413037478699119,1.2580536574663557,1.1907276147228645,2.9118347,0.91867065,1.3934609764302153,1.46027706018928,1.4847713154773123,1.2631492939169928,1.1720612260620442,2.3848114,2.147232,1.318601489010886,1.1844761849413057,1.2590507636610757,1.1223370140246032,0.9656743409582472,Yes
0.0035095215,0.7880249,1.122897978341198,1.6416066355229941,1.7759494993892766,1.617194938748605,1.3844881214324487,-0.041137695,-0.29473877,1.1196256120678536,1.6391786392663161,1.7894908984135607,1.6477683658887472,1.4265695772681697,-0.15104675,-0.56121826,1.1256800879660702,1.659011468886499,1.8235287267662736,1.683278837311824,1.4597160430193952,0.88075256,2.239441,1.1390250975513787,1.6772314026270012,1.7822929234256248,1.5974864109189901,1.3591721598552142,-0.5158844,1.0894165,1.1152850327485746,1.674874331275558,1.7607999227650573,1.564865918789807,1.3264251405178094,0.38368225,-1.1856079,1.1281216047205562,1.6163642591612724,1.6987385826254382,1.51669282963315,1.22581764310712,3.2535858,4.90152,1.075449385124298,1.4928743935755808,1.5036250619578493,1.3550019988072017,1.1577011116728004,-5.5792847,-0.75476074,1.1393394465375448,1.4698079586873853,1.5048304131142627,1.3886368865970393,1.2274937182996812,-1.7848206,-1.9953308,1.0367940197252472,1.3438362282121668,1.2887014204427563,1.1834217609620947,1.1398613183236919,3.7447662,-0.40390015,1.1830753865291306,1.5721394853474873,1.5522773882535656,1.3934333133944388,1.2072190849663218,10.881302,-1.6891174,1.268248664187476,1.6418113376478103,1.6451138523228317,1.4768481043356676,1.2695354867894388,-0.749176,-0.5795593,1.1631060755644855,1.6818150271893912,1.6763797746538955,1.462116993798777,1.2134556433577939,1.6468658,0.06958008,1.1881402319912593,1.6569353002743976,1.6434302176972084,1.4341782285161697,1.2123397595593677,2.4964294,0.6531372,1.231824305730689,1.687348530183289,1.6684535017432358,1.453548821089509,1.2225275180658315,-2.498825,-0.014129639,1.2288656564803146,1.7084464410199933,1.7012180861857333,1.5021635361767958,1.2796606147903657,No
1.0176239,-1.713562,1.1499006439199215,1.526317334315709,1.5105407174303251,1.3176945742356478,1.1139514341422938,0.056854248,0.7475281,1.154722352010382,1.5356180137108741,1.5222757616526752,1.3277758370884374,1.1221542212009123,0.55882263,0.13150024,1.1574052098272514,1.5448128277094255,1.5289371352941963,1.3303172344335792,1.1231124624992501,1.2755585,-0.12362671,1.145103702137348,1.5609393909591018,1.551602441911491,1.3445860011639215,1.1288213675456895,2.3652344,0.45092773,1.1477012810445946,1.5334199563058761,1.508486951378053,1.326551180691671,1.1265118274864492,-0.74287415,0.18356323,1.1711195161184562,1.4973497353993848,1.490757477051825,1.3045605143385577,1.1265986631975526,-2.967804,-1.0367737,1.1370762418136915,1.4726274031545576,1.479537836162028,1.2954325978230656,1.0932036957668858,-1.9325104,0.53479004,1.1812991205135148,1.5578621344528734,1.547244148610639,1.3710621524100883,1.1795758722478125,0.3896942,-0.5255432,1.2121506296335234,1.6046893744579294,1.5688231435452185,1.3789575155521583,1.1827664639715454,-2.2050018,0.07287598,1.188053724162825,1.5913003486624713,1.5683046324868821,1.3635008286064598,1.1728638138402003,0.6611023,0.25952148,1.193674013141911,1.6230277978145196,1.592185300794848,1.397861712490914,1.201275972667216,2.691681,-0.45843506,1.1812874453400672,1.5805650044781625,1.5481486059838385,1.3533795076646808,1.177435448149377,-0.9444885,0.44961548,1.1858437420307317,1.6189202091220622,1.584242999823198,1.404738214217277,1.2036112824355467,4.538849,0.80999756,1.1734186692604387,1.5786055937906764,1.5700336904634569,1.4034958823474217,1.212410596661321,-2.58432,-0.5387268,1.1251704553257085,1.5792048898839877,1.5749201854931345,1.4146778106557254,1.2459606428655172,No
-1.7804718,0.73165894,1.2198533451997764,1.5808787378856,1.594435618528516,1.4338520675368138,1.225499499648235,-1.3625793,-0.059692383,1.2306071324753527,1.6281758752838156,1.6358950154153873,1.485774334553222,1.280146940836124,-3.3474426,0.30355835,1.224430974511689,1.6239602135922178,1.6093815067449366,1.4563190879984373,1.2716087440877786,1.0645752,0.29071045,1.2423945450087968,1.6473743404508163,1.6317070971657606,1.4740887088652792,1.2828358306227883,0.11512756,-0.49768066,1.1990388448668186,1.634354566473593,1.6150404745466875,1.4611186836668666,1.2703081160664977,0.2689972,0.35916138,1.1637891574244128,1.590114769930351,1.5733329713326056,1.4115854179259695,1.2315080965397358,0.4834137,-0.7643738,1.153410161411222,1.5917398125506783,1.5899746984251357,1.4187973374991756,1.2332132958347874,-1.552887,-1.4019165,1.1251804752032128,1.5064944689107178,1.4183168156547787,1.2679104941455785,1.116159750017894,-0.4739685,-6.149933,1.0499466681787812,1.2783078127121572,1.1293081929554183,1.011952927788698,0.9076098422549749,2.9244537,-0.3510437,1.0298602015721212,1.2742849053270728,1.2115954363715131,1.0552467158292207,0.9302213272984295,5.662216,-2.6076355,1.2198787673748066,1.653772212040198,1.6341185508903158,1.3896634928047902,1.1415389182174047,4.0319366,-16.583466,1.8914358581167792,1.7262952314128275,1.7326723739249716,1.5437496728660332,1.2893767032066927,2.5905457,-1.2978058,2.0026981089482354,1.7212279569818771,1.769248936451041,1.569037264792446,1.302582956155904,-1.7995605,1.3414154,1.867938368122946,1.8506437272184084,1.8800404764192622,1.678931077943693,1.3846225445253881,-2.2101288,1.4677429,1.763909059882267,1.8326534719778922,1.8771399182601356,1.7020003470931433,1.404721729066994,No
0.521698,0.047698975,1.2664404835694507,1.6373118635566275,1.6460065385608051,1.4501823161845693,1.2006285391543692,-2.0687714,0.7078247,1.249094930951215,1.6062205752517311,1.6192077060737484,1.4199922153338216,1.1701876598383942,-0.078445435,-0.4012146,1.2524207338836257,1.627802857214268,1.6406817737172577,1.4397801442232394,1.188531124570189,-0.17715454,0.71450806,1.2438952683947322,1.6106329484147617,1.6194152993887472,1.4079272191497894,1.1609065034259134,1.7518616,2.0391846,1.2251704366712908,1.5513238764353399,1.5718168780154027,1.3822070812021185,1.1548304627332309,-1.3237457,1.1800232,1.1958196058233663,1.5069325398073226,1.506169806938153,1.3273610399531175,1.1206116059578188,0.11444092,0.4180603,1.2155390881507577,1.520635288362176,1.5185452175905956,1.3396930129806683,1.1346914068375964,-0.443985,0.06295776,1.199534248367497,1.5702477935994008,1.575697153370577,1.3992352389843756,1.1813636939657073,-3.0621643,0.011505127,1.2039142385156483,1.5913309208715734,1.5895870748474703,1.4003595612422028,1.1994284372994262,-1.2897339,-0.17532349,1.2100686260499285,1.6103092802296584,1.6092454518830257,1.4306445032253814,1.2476622740851535,0.5837097,0.08618164,1.2173915958619426,1.6197171786177784,1.6234443515702155,1.449322432724776,1.2660408628056774,0.29426575,0.8274231,1.2240810856911803,1.6278362655017617,1.6300338701720865,1.4562162731502601,1.2727746834425122,-0.95866394,-0.020141602,1.2401338806560769,1.6373357956853876,1.635340176022376,1.4623482076726764,1.2785426014263397,0.4874878,-0.21554565,1.2225674393460804,1.6296570909235537,1.619948893615098,1.4474795592415757,1.2605783181323382,-0.94473267,0.5884094,1.2071833978052988,1.6219020834657678,1.5998399841500748,1.4240473146382644,1.253240342048977,No
0.9603119,-1.325592,1.2536999791612127,1.6340052583745481,1.655043346966317,1.4374159886961295,1.2069920082674623,-3.4324036,0.09689331,1.2465319154502563,1.6720966259028618,1.7138590639822417,1.4823153434784442,1.2394713455751025,-4.814163,1.5412598,1.2456299015189929,1.6489489246066498,1.6769009581709684,1.4145848813818835,1.1856931208468529,2.1708221,-1.1104126,1.2645498375319146,1.6346211052133055,1.6579327672455444,1.3833546707541007,1.173347128456374,0.89204407,-0.92007446,1.2746569546018527,1.7011356054568212,1.7383059643710577,1.4805995018007252,1.2573275692527883,-2.3404846,-0.02734375,1.2583622276923694,1.6715764936587858,1.685876934604409,1.4100637719048117,1.193226606208249,1.8321838,0.36688232,1.2813683850968445,1.6752546306056089,1.682838762887222,1.4194086730618665,1.216416585387771,-0.07594299,0.3980713,1.3138960234983053,1.73993919869425,1.742454002548033,1.4894413918886622,1.2552054530387189,-0.8393707,1.9460754,1.3180253108065652,1.7821773037015656,1.7936868514989142,1.5451261885880343,1.2831609696321737,-0.5563202,-0.31063843,1.2985344530947311,1.787470356188928,1.8037703452767564,1.5532593513660877,1.2991049133501174,-0.7171173,0.058929443,1.292735976177699,1.779758118112614,1.805547211889075,1.5618455458094753,1.3069865313114322,0.041534424,-0.9844055,1.2863931699729934,1.7981671647955921,1.8196338242111334,1.5638056221916412,1.2996886960368619,0.49150085,2.5210876,1.3486399449590476,1.7642501214379782,1.7477058317712681,1.5201586292416325,1.2562277161340358,-13.892471,2.6536865,1.2923257814571858,1.3599334313171603,1.1608135364518195,1.0571705864970675,1.0004540453317279,0.5282593,-2.5514832,1.060078632746209,1.1515183284746429,1.1640200582771676,1.1130688827059865,1.0586390304500644,No
0.08117676,0.43722534,1.0500026544201586,1.437521979127715,1.4864825263522852,1.1610551285289745,0.9828109351129019,-1.1777649,1.8416748,1.048176745998612,1.462794220758162,1.5079274862677108,1.1902412981374335,1.0073330093883304,2.593933,-0.9404907,1.035275755953184,1.4740591009687416,1.4945402804032384,1.2029164242138806,1.030828009033968,0.22409058,1.2229309,1.0370728736721495,1.4877666726903762,1.5004750099660904,1.2544052159834391,1.0637676176329844,-2.1175842,2.0551758,1.0366343213634404,1.459572661288546,1.4540247840879568,1.2066668291978702,1.0184111946158398,-0.5358124,1.385498,0.9750928902958161,1.435987255766875,1.4054530742639229,1.232276006978136,1.0510595618144618,1.6325531,-1.7911072,1.0053930623350462,1.4790619688726638,1.484603491679559,1.2926859010144105,1.1062310732721101,0.28903198,1.8745117,0.9793980396669497,1.3876256287183395,1.3931615706886737,1.2082745301323825,1.0746405388798148,-3.201416,0.8371887,1.015478840025836,1.5242931564902673,1.5272870151312947,1.4044494737246482,1.2464156549113612,4.0684967,0.63864136,1.036550227185513,1.369913265032693,1.3488978964225862,1.2377010053507929,1.1459307929833862,0.07821655,-4.0686646,1.223290859114179,1.5514230825893411,1.5467362824821853,1.4184071150087847,1.2727864045115784,-0.4859619,-1.4771118,1.1710309802946899,1.5448344371716498,1.5713351047332333,1.4583751800984088,1.362477540050736,2.2486572,-0.35476685,1.1941718014891831,1.572378009138931,1.628435538361709,1.5149757291298998,1.3985127067022454,1.6972046,0.15188599,1.176244319323389,1.5958806584768774,1.634759230107665,1.5469194707481184,1.4323766443344843,3.5281525,0.91918945,1.1829276326053313,1.613696887266426,1.663583282088479,1.5545821774477,1.4203458078097844,No
1.9627991,1.0039368,1.1221176376086168,1.5596090274817462,1.5536609250293043,1.4311922909019472,1.3298254228472495,2.055359,2.3544922,1.1260763400927793,1.559275530806415,1.5535528717906706,1.4377443055319974,1.3315800481263256,2.4807892,-0.21655273,1.1142339622113842,1.594387001550693,1.5657139868816248,1.442847777443848,1.3099694954925016,0.71450806,0.15887451,1.1250506721137414,1.595559484828545,1.5538060434346963,1.4200141881667279,1.2714193818091177,2.2326508,-0.0642395,1.1098236150082539,1.59547034756227,1.5666876981217808,1.4222089666286315,1.258171492703721,0.734787,0.20004272,1.1330515401250199,1.5694228210459713,1.5646245952800242,1.4343689153035712,1.2736685788469495,1.2445374,1.0714417,1.177795499278578,1.6164533454721337,1.6177549318557476,1.4947704839469063,1.2911678452749917,0.59007263,-0.35333252,1.171982408750643,1.644112170364842,1.5986006712299836,1.4726658620568867,1.2722902015803887,0.6528778,-0.93655396,1.187086906899211,1.6476317243078156,1.61742089959483,1.4968058849860286,1.2919509691272733,-0.31748962,0.95144653,1.189777105567143,1.6661357422311474,1.6460641541872503,1.5210666984399785,1.304548332313109,-0.1512146,-0.06011963,1.1752888887961301,1.6654205677697116,1.643831258787901,1.5227188097975464,1.3060348042675145,-0.34117126,-0.18811035,1.1616601990643332,1.6696564193684953,1.645301091173388,1.5080446788916406,1.2871723611013424,-1.2213745,-0.6331482,1.1044621686218619,1.61883109121849,1.6167576665663994,1.4758710996392819,1.2677715219374526,-0.5414734,0.019104004,1.098676898994638,1.6132874087370555,1.6273766684106659,1.4929538385805743,1.3158726383665387,-3.9256592,-1.7168579,1.1261339684241036,1.5669636786627203,1.5466718333376133,1.4114982413625456,1.2852435198744596,No
-1.9680939,-0.15319824,1.1580267463543206,1.5123055533146192,1.5846661952269772,1.5177498400332783,1.3970661307819945,-0.82618713,-1.5844116,1.1964716805690563,1.5651607062902873,1.5482754233416733,1.3904394677019685,1.2749837604224346,2.8888702,-3.1085815,1.1340736403301999,1.540365324910212,1.5900117435187755,1.4648004423729106,1.3748534003615327,-3.8851929,0.89938354,1.1211352892729831,1.6112554581197973,1.617380664254541,1.4693210742970626,1.33176112871257,-1.7366791,1.4330444,1.0875353477448064,1.5923487313946725,1.57099962593152,1.4535311952467578,1.3246551749744153,0.77441406,1.4325867,1.1094586062272334,1.6079977782447656,1.58475247970026,1.447296649072788,1.2942576382851103,5.2531433,0.29534912,1.1336613548512107,1.5852538921931238,1.5969750645289498,1.470106609830759,1.2768413637114682,-0.18103027,0.36160278,1.1488833248751371,1.624207087851193,1.6471070619962944,1.5109117344420686,1.2865375318481638,0.4815216,0.8909607,1.1462796950504206,1.636493818248864,1.653492203025078,1.5114398782926954,1.2884447795052099,-0.24057007,-0.5002136,1.131702538915609,1.6466347670667822,1.6564857431040723,1.511417652203716,1.2903512201842817,-0.64151,-1.6077576,1.1016642035494977,1.612829209934141,1.6425815881516603,1.5026333969199226,1.298948738064785,-1.7562103,0.40826416,1.1184065261161096,1.6454537051725393,1.6481865694066942,1.5045430154631798,1.332080420511244,0.6922302,1.0735168,1.1073318561051568,1.6124949157584672,1.613052148256621,1.482379412168171,1.3177480509895465,1.4961243,-1.5781555,1.115974198576797,1.6311852502074176,1.6033561792006978,1.4826932978360974,1.335178856030063,2.4864502,0.9062195,1.097697416570794,1.5816392860174822,1.637578996729111,1.5346687178423797,1.3746733091338736,No
0.01828003,-1.0027466,1.2790528794602152,1.6302806991059857,1.7281716777982565,1.6447737589219724,1.468698092395244,1.1375275,-1.9884949,1.2227974356452567,1.6082399771836084,1.6895408856033154,1.5994505729012973,1.4253250205406807,-1.4427032,-1.6648865,1.2083981185137007,1.6027264928934573,1.7024959897854797,1.6172724445461621,1.4359184944755155,2.847641,-0.27304077,1.2064335802124313,1.589083102467746,1.7025219933611404,1.6379719693118056,1.481014447679907,-1.0822906,-0.66989136,1.1936875516615555,1.6022640529191359,1.6955770931235297,1.6210309956690383,1.4548314981462627,1.4127197,0.28286743,1.200809253531269,1.6090244431600682,1.6999909080972406,1.6251974298180967,1.4767152654754123,0.9089203,0.5058899,1.2057313117532382,1.5887174174738088,1.6908417850152544,1.6235005145246566,1.469693860468624,3.8343964,0.5883484,1.220118068687773,1.5987337198117166,1.6979230324597858,1.6245357258762432,1.474172664035051,4.034088,3.2442627,1.2133810520066428,1.618253215215843,1.7064957330444523,1.633451651159726,1.4754241973949358,0.04460144,-2.1254272,1.2287222090288377,1.5933915587643863,1.6960821584418324,1.6434939347029698,1.5144599681953022,3.223755,0.5687866,1.2100729006744178,1.5709067183239864,1.6695195122588622,1.5330163418627316,1.3050639722535842,-6.308563,-5.0993805,1.2924477130701948,1.6525869848312629,1.686886405889357,1.4879726945078449,1.2409023642448607,-2.625,-0.41983032,1.2560758329170976,1.6537030658938967,1.7228825861906434,1.6056552185139268,1.3649464399139144,-0.7149048,2.176361,1.337857805765543,1.7634234916949263,1.7793929913216102,1.65327610053705,1.3530017080626777,-1.4411316,0.061203003,1.3673342380236206,1.795452176821242,1.770941847917373,1.621611310915485,1.3403847789409604,No
-16.803467,0.68237305,0.9833073007193397,1.497000893870551,1.4544634933373752,1.3553139723500136,1.2345081775329583,0.44110107,1.6739502,0.9930512206003578,1.4930556852641832,1.5785670623945767,1.4986565897780346,1.3465850897292382,3.3388062,-1.1094055,1.0875318480083889,1.5068730943235356,1.5960403704634325,1.5295311463983012,1.3032189708958641,-8.475754,-3.1046448,1.0745305992255598,1.5296252114789208,1.6117920316551184,1.6254811140370986,1.3286960219818977,-4.8819733,-2.6390991,1.0828520310655225,1.4790896313372237,1.6220179636742547,1.6085073161059253,1.329490862090851,-1.4091797,1.3266296,1.0766194843984096,1.5013855538968819,1.6429911502338679,1.643313447961743,1.3654198994635465,0.036712646,0.7822571,1.0508489163685124,1.4659070380941894,1.6206079690564767,1.6252446519832555,1.363246157152913,-0.8447876,0.33770752,1.0592884648598921,1.4988993609394385,1.6386796737207954,1.638011759528494,1.3712332771596412,-0.9246979,0.46887207,1.0561135593662618,1.4866333014141495,1.6459036068297992,1.6526612295351562,1.3883585628488422,0.5899048,0.778595,1.0459532615139906,1.503713518251492,1.654492524693097,1.6587507224128835,1.4139063721175373,0.20347595,-0.6699524,1.0485939005462463,1.4978314980222274,1.6364654236972165,1.6298182516557247,1.3775944980985486,0.4463501,0.2748108,1.0526849558800144,1.5102794499577177,1.6639955012141376,1.6640485051733434,1.4009589508425946,1.4090424,1.4541626,1.067875727599255,1.5081367546536282,1.639435433886234,1.6351083985530972,1.3877748655369821,0.4052124,-1.0643005,1.0722197708815808,1.5201020503856288,1.658599119704005,1.6414974036527066,1.3968306517366966,1.0240784,0.8468933,1.0802388605418323,1.5176590677048527,1.6352433041130643,1.6124086019569879,1.3679145356943097,No
1.5485535,-1.4657288,1.3875211366437399,1.8096327622200927,1.7633421981038464,1.5402784229909023,1.2401230195818704,1.0111847,-1.6696777,1.3149120759588329,1.7806740357431694,1.7174070213005808,1.4875687297239386,1.1748055394508121,1.5388794,0.9750061,1.3229738045293384,1.7555341690535764,1.7057274518302095,1.486320597029318,1.1963841736461518,-0.8881531,-1.1760254,1.293628739209817,1.748163204373892,1.6741240464657694,1.4408737232444722,1.1445947834926191,-1.4370422,-0.11557007,1.3279637874712695,1.7449989907948837,1.684346204550115,1.4598070575057238,1.1742871200011105,0.746109,-1.1197205,1.3277895127263115,1.7822065820565642,1.7198846086965034,1.508755539150369,1.2126737665423526,0.7468567,0.3996582,1.2950002762262922,1.7930187326332783,1.723842423284023,1.507870329080967,1.1987365339721228,-0.16751099,1.8399658,1.3299400833843036,1.8040598140599526,1.7287961617173733,1.524419715603278,1.201432855245436,-1.4667358,-0.58792114,1.3184622985293257,1.7859893907235098,1.7061678285660038,1.491220188985284,1.1787422116817878,-0.11430359,1.0948792,1.3168739572267059,1.7987026441346692,1.7198304870537426,1.5002025807459558,1.174336259749522,-0.45666504,0.24935913,1.346286778879098,1.8043990396525107,1.71321021614383,1.5029585129793828,1.2022160754923157,-1.0663757,0.1381836,1.3523255176911715,1.7737841876509568,1.6646846231196604,1.4398983595729014,1.1507420215991575,0.9651947,0.448761,1.1968484958112893,1.6538721925548885,1.5800212433438106,1.3380325962725297,1.0267054215484581,-17.742432,2.1575928,1.2587799404283935,1.5627869244870431,1.4727871231603256,1.1711536386085126,0.9891533066399794,4.2824554,1.4024658,1.151193673530767,1.645634373980283,1.7287533788977576,1.6445653493097308,1.36614369347784,No
0.29354858,-0.7532959,1.1707700474428724,1.7265639155994843,1.7188204446035944,1.4771949630876018,1.2201227940160921,-1.1599121,0.58688354,1.1678746767724186,1.7215090854115684,1.7098075803969386,1.500975820831659,1.2602440592452753,0.18702698,-0.53775024,1.1697438388170238,1.7258875514139143,1.7373471819275903,1.5173748475459763,1.288022692404165,0.56178284,-2.1776123,1.1411435785472748,1.7123909963265005,1.7256507169680826,1.525086116611791,1.3077693235696768,3.2786407,-0.43347168,1.148976423667983,1.7048830361247649,1.7325646876240242,1.5392306513534284,1.3286126444032718,0.5836487,-0.7675476,1.1516212175917255,1.684037686977859,1.7125853055746278,1.5276562818726231,1.325977516567044,-0.18040466,0.815979,1.1470061071758604,1.723164626816746,1.7375330756306897,1.5435469960246715,1.3121932765783764,-0.57310486,-0.5260925,1.155653202084383,1.7609537610394723,1.7854914999863731,1.5365942243699295,1.2974003759846626,1.0477753,0.121398926,1.1551490562552698,1.7444057986078618,1.766846961975104,1.553616249374978,1.3119319869866466,0.7068634,-0.1329956,1.1716267996377328,1.759529139527526,1.7853293034755267,1.566214913951072,1.3173598495840195,-0.20359802,0.14950562,1.1662623151816307,1.7575817016731923,1.761497751720465,1.5459178180675526,1.293313535525667,-1.5706024,0.30618286,1.1568941955295347,1.7552495560440733,1.765843936152979,1.5500143134191693,1.3181457219012982,-1.6342163,-0.875824,1.1357568593117295,1.6800075988487737,1.720743627189779,1.569527045966323,1.3236641510359457,-8.337112,-1.4212341,1.2678981135083225,1.74895433237464,1.7380671607156435,1.4178802622399858,1.3262095505881415,-9.63353,-3.6610413,0.9732649246131264,1.5506984284462948,1.4210877270872209,1.2999065404191679,1.2076788244621735,No
0.9047241,0.35864258,1.142362597048831,1.6883595474666973,1.7639219959888435,1.5480074296742785,1.282855656571723,-1.4148407,0.46542358,1.1319999342789366,1.703032665532224,1.766857998993119,1.5431857308278163,1.2840746021279956,-0.083236694,0.6904297,1.1340770978839987,1.708290947551081,1.761662938928848,1.534265762902647,1.2819427595283137,0.9941101,-1.2677612,1.1305405484018722,1.7229183636746108,1.788181634749043,1.5782760041265191,1.3081151660124994,0.379776,0.06564331,1.1369733778392752,1.7394413095783001,1.8035540835732211,1.6184920396427955,1.3553385521409727,-0.80674744,-0.2598877,1.1255395746105918,1.7378560213306418,1.7900963322921182,1.6027815523606805,1.3499909141584303,0.23143005,0.8423157,1.113075296803401,1.7137220745875013,1.7508564906808026,1.5535498091252786,1.308283035649793,0.2934723,-0.15814209,1.1013403061496485,1.6897743097818274,1.7311500006570013,1.529283738095477,1.291280033992528,2.19693,-0.093933105,1.1242887773781873,1.6950702406720943,1.7109774860435878,1.5274405512296285,1.305620747372165,0.25761414,0.06555176,1.1474139147989006,1.7307042482119475,1.7329681763765763,1.5414660062821908,1.29465480317673,1.7277374,0.7123413,1.177479277497203,1.7296642269927907,1.7523545208922882,1.559399365207931,1.3039031358318347,0.16786194,-0.44940186,1.1618849140033987,1.7301213303574028,1.7573481742345483,1.53171213392145,1.2814224760472261,1.0847168,-3.165985,1.180322094490993,1.7497525153168414,1.7668560590504894,1.5629709941916816,1.285893411650303,-8.829376,-2.935669,1.073237642373746,1.3968271168001962,1.4695276829301975,1.3661794949732986,1.056233145901963,-0.68533325,1.5466309,1.077066259250907,1.516658658626024,1.4129981795154547,1.4038051456128868,1.1522020375234505,No
0.7918854,-0.7385864,1.0884389165252701,1.7126169859617852,1.7384265284667413,1.5644865153256486,1.3273834134096802,0.52900696,0.6107483,1.021401185631039,1.6472491204372492,1.6673523245813602,1.4445215713084878,1.2152597059484573,3.227539,-1.6283264,1.0873182839610707,1.6743368662035303,1.6027264087881012,1.3945304320610787,1.1473411342205633,0.25732422,1.1893921,1.1266550519448013,1.7050870282525368,1.647933233761511,1.4343431340734432,1.1895325198676348,-0.56443787,1.5705261,1.138017678312016,1.716949328703585,1.6925066294525184,1.516157958633364,1.2593267569352717,1.0708466,-0.4411621,1.1503225363896838,1.6996450253015438,1.6636152968976203,1.48286060526468,1.2410913408133155,1.2258606,1.6482239,1.217830151800727,1.7206680581283593,1.6914722753079687,1.507035881910251,1.2523067224578766,1.8943481,0.6609192,1.2169996382954078,1.7096240959079076,1.6911862277470715,1.5051314096460406,1.2354769822702387,-0.1436615,0.36401367,1.2204397204323587,1.723447832803376,1.7101953300653434,1.521015241368285,1.2484153113104401,-0.65605164,0.3991089,1.2198175579837205,1.7413806310748063,1.7586690240412421,1.5707674672823286,1.2734565785307888,1.9258728,-0.08383179,1.2187286439372487,1.7356173578170961,1.74376548724399,1.558982846018903,1.2695052496069716,1.8078918,-1.0537415,1.2147700099224297,1.7251649421564588,1.7355219548638319,1.5674415736531275,1.2739807531586185,-0.5245209,-0.5454407,1.2588078022055758,1.7881881441677838,1.835598354107737,1.674257368061252,1.3441065348651506,-0.5335541,0.65185547,1.2365262220924487,1.7340776893883267,1.786126155183084,1.6104905482765168,1.3041681699900924,-0.55856323,1.2945251,1.2132484008251503,1.726234774888012,1.7715429029204173,1.5853452338578997,1.2743825954088877,No
1.4444122,-2.4543457,1.0428495285794621,1.593950613546702,1.5894198414476326,1.421323898564744,1.2249926560925026,-1.8015289,2.7105713,1.0872234380918486,1.658162081122725,1.6558461796054231,1.509493349905229,1.2812144620075792,0.31684875,-1.611206,1.0703350254598445,1.6798856144844156,1.6672056094151462,1.4462672816682287,1.1396178978572549,4.73938,0.70129395,1.0825324104461884,1.6930009420282488,1.682391203830087,1.5136092324011257,1.2480029583857437,-1.3527374,0.8294983,1.1298945848231734,1.7659352084889706,1.7801345981108303,1.5800381554623906,1.2623981897236936,6.297653,0.08526611,1.2243856995870432,1.7457718659549981,1.7788880345128142,1.6021620792426599,1.27954654391136,6.955124,-4.017853,1.1965755080518403,1.6934626109211381,1.6807654264002858,1.4669351005001343,1.1622705652494685,-3.160019,2.773285,1.2125861777993987,1.7051936263461993,1.7139538158830467,1.5167164585949793,1.1959801383539541,1.7522278,-0.8506775,1.2463769664939275,1.766032876335878,1.7530280375816676,1.5393892127666404,1.1906105838743255,-3.4363556,-2.148468,1.2827581103352814,1.8739642886995431,1.8238610475350672,1.5774706777195397,1.1928102984599886,-0.018844604,3.083435,1.3136109056965477,1.8371747760249788,1.8581426950219444,1.632137655742174,1.2662606267596757,-3.6507416,0.92974854,1.1545354985358014,1.681281532458983,1.6890734888952024,1.443867246848585,1.1178195000901778,-3.6784363,-2.2304993,1.1827364474572013,1.739010897130216,1.769108933561229,1.5251001057527172,1.1716890307197805,1.5279541,0.74276733,1.2352559904516955,1.730699643354576,1.7844272846610842,1.584845257949709,1.2593101504221935,-1.0168915,1.2261963,1.2177725617788255,1.6962508847759474,1.754957123292062,1.545635085161365,1.2378615224559857,No
-0.75102234,2.1395264,1.0454655419465488,1.527737818735759,1.547964238726507,1.4131553239153272,1.2337147604655823,-1.2612762,-2.98349,1.1106894647979912,1.686450881859646,1.7092418285254172,1.5475677721150616,1.3561416558300863,0.8085022,3.9747925,1.058198120340863,1.6268801460293745,1.6814061997423695,1.5223209496213936,1.335172165912418,0.36868286,-1.8357544,1.0627679152951122,1.5924074740508114,1.6195561648988293,1.3908046850818063,1.1185602468820302,2.3911133,1.696167,1.1207059993512167,1.5816856578762082,1.5565446715523714,1.3351742729488598,1.072401660893251,8.753937,-4.3189087,1.255586588692714,1.5985585555464035,1.5778727208199919,1.3210991144093038,1.0493188921141718,-4.5429535,0.4610901,1.2001676717297403,1.5739199164631588,1.5528229422100959,1.307114011783242,1.0440284613105548,-0.49668884,-2.0740967,1.2092531301659868,1.7069072265405976,1.6344859993512335,1.3341770226229217,0.9920355308597236,-0.63578796,0.3720703,1.193030566463199,1.7595652218160207,1.6962185576527578,1.401219745310111,1.0419781745316379,-2.0577393,0.5369568,1.11416218184166,1.7092440025777904,1.728671206454971,1.478874446783812,1.1200358922209805,-3.181427,0.89157104,1.128196165124787,1.7022047095163984,1.7697460629646156,1.5676877381124927,1.2141220926204737,-0.5237274,-0.52856445,1.138843742266186,1.6698216062846718,1.7343597794848233,1.4963119566617538,1.1540318692734668,-0.37390137,-1.3713989,1.1669053733120103,1.670730269767483,1.7490565142852919,1.5239447756641078,1.1757699719011312,0.89682007,1.0379028,1.201285108321687,1.664119266067337,1.7330061303201967,1.48573205947705,1.15895670625582,-1.4123535,0.13458252,1.2148929322262045,1.6816812735540903,1.7628971541199994,1.5164475534418185,1.1904288291380485,No
